CPI,TB3MS,M1,M2,AUD_USD,CAD_USD,NZD_USD,ZAR_USD,WTI_price
-0.00548447444216027,-0.07345444854915306,0.013188401213872325,0.008006384425382151,0.012299398281610474,-0.002406028719858788,-0.006742993348660575,-0.023616184876496304,-0.20376589318244775
-0.003673098711860945,-0.07928080287477446,0.011769457159475749,0.009703664898015774,0.020832501428067862,-0.009352797844480287,0.06072383389042324,0.005212521698971351,0.01807514828498702
0.0027560881019796923,0.0147422817372036,0.017015105005983244,0.010500621511068786,0.006005839373310673,-0.008792349549001377,0.009555600758819116,0.06711497664270583,0.18050266581568275
0.00366300775873718,0.009708814126960785,0.013103951030036143,0.007784539677178515,-0.054147259455809116,0.010265542133426897,-0.03740585987853351,0.14493126866363892,-0.13557695354235166
0.0009136592686749268,-0.06314389558298639,0.014576860407222725,0.00825755896359226,-0.09082253861259437,-0.006552704092872619,-0.026149476568830488,0.010176096809182189,-0.14734835318348605
0.0009128252573598061,-0.05282918482815768,0.012453830345800831,0.007547778146982154,-0.026956176637256135,0.005548369602799363,-0.060230021431949554,0.01659140937966974,0.2645520864692186
0.0036429912785012064,-0.05960795976896782,0.01273716070602049,0.008016150408901801,0.0157935581022578,-0.0009126592640524844,-0.0432251823094677,-0.12071850015452423,-0.015348983348815182
0.0018165309263977747,-0.005774799493883931,0.0108515859045486,0.007320020734366217,0.02576717763441344,0.0008825728779294217,0.049679043090012254,-0.025056378203030083,0.0020154524793496442
0.001813237124181022,0.03229150463652353,0.01499706748166929,0.0051589551575768056,0.009679545972087533,-0.0015452873186263538,0.01945439705144192,0.0009593296772766324,0.021249139482126367
0.0036166404701880595,0.033091254626328226,0.02699275831328496,0.009835601364466484,0.0229451011112371,-0.004522879761290233,-0.0008397734482021857,-0.012734957738864128,0.05682984475534347
0.005400553180000323,-0.018248681588399318,0.007560693106300143,0.005811526069667394,0.002117877571959581,-0.014250462571105627,0.04319920673011046,-0.05920108990284556,0.1464059489009415
0.0035842332278148703,0.02904015322116371,0.0006845095756355946,0.0013111412447557313,0.010219394377497582,-0.019726809440032467,0.02230740352490357,-0.006089374462839303,-0.049460630168399966
0.0035714323675977155,0.0,0.0042335331240099805,0.0022540546153786423,0.02868155196418165,-0.010964462174505418,0.027324658355559306,-0.004936189253125667,0.030515543925950794
0.004446427957134347,0.008904778342959663,0.013670105276113453,0.005071188467815624,0.034768022347753835,-0.00017571150283723913,0.024902578121965502,-0.027734289831758074,0.02055237295332102
0.002658397666610135,0.003539826705124094,0.0025508505474247656,0.0018770535778713793,0.003865777927423708,0.016445756145140267,-0.001986892837564147,-0.006050755211299941,0.0398793662315966
0.004415018209116717,0.0017652255245692583,-0.003492280245091628,0.000612888707783199,0.005267576918503214,-0.0017755998500295078,0.018007971904683173,0.00917958515081485,0.03189336377595353
0.00263968477077281,0.003521130398578931,-0.0002691427818692915,0.001584558095878208,-0.014090188773598578,-0.009400720601744739,0.0161919945921859,0.018125214777555354,0.061357083065360474
0.00438404910853496,0.05969376380848379,0.002553936464471107,0.0033050755764838513,-0.00101130528440585,-0.00039037321423751603,-0.012162224534860822,0.007626857174116153,-0.04946987028131389
0.0034934533345598595,0.05789397841890276,0.003618094399177707,0.004044603469960606,0.027443743421831035,-0.007724106700412903,0.07246780971098349,-0.014557931756108755,-0.03916163070370571
0.002612104227925016,-0.04310324041750624,0.011437815875424917,0.005450381303446328,-0.02175647338453457,-0.004349812495839989,0.010661623809631315,0.0014182058124143637,0.016755913728438987
0.0034722257107491217,-0.07448450180988031,-0.0039750946738355,0.0014555268203277905,-0.03612878655356294,0.005289424680747834,-0.03360837105147757,-0.03768326816760281,-0.05219474472300645
0.0017316021642779234,0.013961832381768513,-0.0039909591352103035,0.002657079132213802,0.035278090371587745,-0.007003174102690191,0.04344078259227946,-0.010878670374412147,-0.08696315051811032
0.003454234868087269,0.006908490343811469,0.007966053809045803,0.007402480134709677,0.0006515719403021869,-0.016973881312798977,0.017700745417192854,0.011720912600810096,-0.008718451039881003
0.0017226533114467202,-0.02615667864872817,0.0019816374804948467,0.008045095684831693,0.00413571231651888,-0.013529159189766493,0.008586436520013563,0.03843631062642816,-0.019452425926815398
0.002578428587944437,0.0070422826254130655,0.005396525107175698,0.007047294445668761,0.026136028243477716,-0.015072249296329832,-0.002208244569954443,0.0384904642599454,-0.036367644170875124
0.005990604137156907,0.03617965657750233,0.008235878960133114,0.006894914756100157,0.020325417614421915,-0.01123200488787493,-0.0014610412774299641,0.003941874635084219,0.097552333210015
0.0025564564413009805,0.057534353694000284,0.004675940458921168,0.005242700513823806,0.038590479273529155,0.0016292890391781945,0.04068029981680782,0.03129700672191482,-0.02494460402399623
0.004246290881451564,0.03144913268250327,0.008516180501784376,0.004228912925388073,0.038146134811872345,-0.016020129158932278,0.015946087800335462,0.02738785646813635,-0.052442059591423895
0.004228336109521003,0.04094582586212603,0.003975128655627991,0.0029903515555300686,-0.0094958001972473,-0.008334214065537526,-0.046253803475216515,0.054254684607524806,-0.06433688790773218
0.004210532536343514,0.04786990784851408,0.0024285817522224917,0.0016273396593753375,0.007058272399966814,0.013262433583176636,-0.03065578515415035,0.02251717521741259,0.0012894908298717311
0.004192878260036004,0.02517615489247449,0.0005105296856262598,0.0016585155014272601,-0.017667459436581545,0.002456938297787953,-0.052814039924879264,0.0020407826144778207,-0.06522604264969933
0.0033416906619025966,0.015079106827120103,-0.0005105296856262598,0.0028367855300883704,0.022507025820221516,-0.017393601981332385,0.010243692523897285,0.003607127254442899,-0.05441115936480978
0.0033305609471652176,0.05428202097038204,0.0020405567595753737,0.005012204589481151,0.04953308561342418,0.010787591128997492,0.030966054150463607,-0.029625700891128925,0.026515347727863237
0.0033195051228522843,0.03917114808673006,0.0022906602024290734,0.002680787075624025,0.007713326412766314,-0.01850477922416685,-0.006986554723446892,-0.01956997828791529,0.14705341795649662
0.004133945531727967,0.02448102675374253,-0.0012719411534209968,0.0011705882705950188,0.01535299952319713,-0.004110949411858189,-0.019185291465796284,0.015384996243530291,0.09542117375526837
0.003294895896853056,0.03095485246798768,-0.0024211544162451304,0.00016711509255351586,-0.01636506690328382,-0.0018820055629739374,-0.01262587960751721,0.02967312203914163,-0.004449395549541713
0.004922077205428366,0.03343250851511259,-0.001021189774728093,0.002503380869780969,-0.047220045033859404,0.005262315924058514,-0.0013242165966240727,0.03315909310974807,0.08235544158373909
0.007337986452912837,-0.019462549074912072,-0.004864943662477472,0.002098007663006385,-0.016527958052089065,-0.0055482873456872694,-0.006191465662883144,0.003879451488946639,0.07846192960170839
0.0048622462080345485,-0.025762548930023943,-0.005404722974978071,0.0018612076630475372,-0.03793433952857861,0.0031526317809862925,-0.007380299957334302,0.0465475742719742,-0.04613588258455881
0.0032284128121187194,-0.03377884476099258,-0.001937359340226763,0.0053978109369552385,-0.02292352068380049,0.005052906470682378,-0.05660326757370976,0.0410194218387101,-0.0034851914789606475
0.0032180236942007667,-0.03369002338298355,0.005543751708525946,0.008058856502556111,0.000676121373011096,-0.007885928509261675,0.0027957839399419537,-0.03316946248578767,-0.013557827558011937
0.0,0.002534855603188113,0.002054971182962717,0.007181593835154487,0.009048813017083157,-0.011300078766562027,0.02877970948863906,0.01197080639405268,-0.06258559280887388
0.002406740030565402,-0.019169916107720564,0.0020507569350769472,0.005870065016010173,0.012046863623940696,0.005958458228993463,-0.0012412343333032538,0.023506072011207912,0.05293349857075702
0.004796172263493048,-0.014295240186826597,0.007144710158023315,0.006960360649580721,0.0019451938174548378,-0.006697592626384807,-0.007307960031468386,-0.04178638352989594,0.025700583108581032
0.003979312851480898,0.006523180339123691,0.001651318253933276,0.00614657631930271,0.011229338435981312,-0.00441534101423896,0.0009970939188669314,-0.0169863851156542,-0.012012156448003797
0.0031720883061439054,-0.007832938221187025,0.00632593202671039,0.006109026603548173,0.0037067815274794136,-0.007201291770183499,0.011614352782849169,-0.0237182187592766,0.06056538186499427
0.00945633524203604,0.0013097578820633338,0.003148022495237157,0.004525825458204125,-0.006069380509860917,0.009169684262127942,0.012726434562211009,-0.0057408057727971196,0.08011561788464361
0.0039138993211356166,0.013004084423207107,0.003388770108372796,0.003907978500272691,-0.028284596802985312,0.020638837936646476,-0.01781325496906183,-0.003264796542204129,-0.033358663497309315
0.004676547883901705,0.020461071871340053,0.00425106916764495,0.003422671452383952,-0.004888484109771052,-0.01388015086214317,-0.011661784387746343,0.027497981112163172,-0.08098541028299122
0.002330098141623438,-0.016592595093420037,0.005722832239947628,0.003598420579532302,0.01058896009220589,-0.013558716538781768,-0.010100312392303246,0.014927987715134372,-0.1010648129046321
0.0015503879074545424,-0.0038684767779200158,-0.0023598098263821754,-0.00031239261757853853,-0.003420126868271478,0.009068630216055307,-0.010239638075471347,-0.0031604227579712374,-0.012558177598982034
0.0061776258239572,-0.001292825002305431,0.005703673243088403,0.004084629098599635,0.023342690939208988,-0.0014076310518337243,0.01662786417370965,0.004695157629344693,-0.08601287466004015
0.004608303086194532,-0.014332492900775762,0.001606029130183373,0.003354978139942233,0.014949194841891805,-0.01375002248251514,0.01521074507621667,-0.012842662325205922,0.09965565106382668
0.008393792128468469,-0.022562337307086455,0.006888943470089615,0.005412523845189199,0.022447231818696678,-0.010617597299276776,0.03565321182419445,-0.01997745497446546,0.3921885649990773
0.006815626535059849,-0.01215409965068348,0.005501572651423814,0.0038789569308939065,0.02007957844636124,0.011747674485603044,0.012708038093538376,-0.0008631939609056172,0.20459096626360562
0.00676948805524713,-0.02615427812925586,-0.0003658313558263515,0.0014430681513761812,-0.030167958381266957,0.0014543779031515325,-0.015393612358059028,-0.0104132412146416,0.072785530990918
0.002246350626373683,-0.015460603106378423,0.0026796605559553655,0.001011975124312059,-0.0352060948695187,0.0029759166952395832,-0.00015690829708975285,-0.007810953022747591,-0.1086338410027956
0.0037327404296840783,-0.046385126580934966,0.00315764168122179,0.0028158686578674264,-0.003512436456917789,-0.002767086794270318,-0.025620119875327252,0.0058252208481228696,-0.16984175876208019
0.00371885887873713,-0.08029001817312764,0.0030268199148553165,0.004847939977386417,0.01175273268506069,-0.0036538224059007862,-0.0016347719190492604,0.009713314031665199,-0.07812007032229484
0.0007421150618878158,-0.04606077337653436,0.006506831006710456,0.0050969437730508105,0.005387808928262572,-0.0009854020106087602,0.010766492482619072,-0.009019772563210515,-0.20858496248165936
0.0,-0.005063301956546695,0.007299739229490676,0.005251732461664105,-0.016002941653277286,0.0019570553385928058,-0.012240757219866172,0.047025895260920825,-0.028729068440860317
0.0022230464879466894,-0.044990286259657175,0.005232500938263662,0.003155856728582762,0.010837031342141451,-0.003153637935752962,-0.008114100190155238,0.025531820159790053,0.04567452354243384
0.0036941305401416713,-0.03420675540153617,0.006738012371143576,0.003175842319343758,-0.006693567244334481,-0.003177168127961344,-0.004454384796295563,0.023501289156016902,0.019021020442284264
0.002945510229757531,0.019946264182379103,0.009264211670225286,0.0026587418013033215,-0.018843319117728463,-0.005196346633684623,-0.017229809993539957,0.02296798868057781,-0.05022784339041886
0.0014695079793591859,0.0017937224540269803,0.0057033268721804475,0.0012522362995923686,0.015338278508873815,0.004741640316701018,-0.016858039641541533,0.006775051849737368,0.05820348970305966
0.0029325534212780724,-0.045837538215466545,0.0060171438200251615,-0.00032781511521129403,0.013883139624946028,-0.0036451130524944586,0.011774924287570987,-0.004006311141675933,0.013460402810977268
0.002923978691435458,-0.020853836283205807,0.0033400549335151908,-2.9806703530255163e-05,0.014396556068758753,-0.007181996643928323,0.011032940056242668,-0.013599421924706645,0.009178586695988589
0.0014587894636592935,-0.045061492131119874,0.009498269039397655,0.001548771716882058,-0.0014947154742916413,-0.007959870002773012,-0.029453850539414073,-7.753665878529326e-05,0.05941463524754642
0.004363643287773833,-0.09011328623713277,0.010874597423321752,0.0016058050316338779,-0.0074850723709815326,0.0019775576083604363,0.0008107736069099536,-0.014152890089068615,-0.03370859747202104
0.0028985527540115186,-0.113679624071791,0.01053467100035732,0.001988809893111565,-0.01973455278838493,0.014475400413477613,-0.019638499419142308,-0.009042846888157374,-0.14132148374059605
0.000723327337142976,-0.06864193272216368,0.014828201313270561,0.002665325710893285,-0.03116786852806691,0.00903311163755699,-0.019396287773760568,0.005998311725235572,-0.03708965214432691
0.002166848085090045,0.010471299867295558,0.016125866985217563,0.005544755549479419,0.005638581046406077,0.02171539795674962,-0.00031220882444737974,0.011614340045442262,0.011640343074963866
0.00360101217359432,0.05077232537342313,0.012353129857801015,0.0011464014542035272,0.009085217765962217,0.008738736187547835,0.01123613493959974,0.023629053730112926,-0.0047455928766053646
0.002154399397026552,-0.07448885199073918,0.0075512190772020205,-0.0012346406412842015,0.004942767906734646,-0.0045411309393439125,-0.011959698721418999,-0.0016244957597089105,0.06694708755592149
0.0021497679364923528,-0.03252319170556017,0.007179084887622089,-0.00032361031716732214,-0.008607910634828742,0.009757587205507068,-0.011605742136443387,-0.010486385771232731,0.03640295178849717
0.002859187080045622,0.008230499136515634,0.0038847232432992485,-0.001531213491166028,-0.00035125242298278403,-0.0025297659368084258,0.012755336338863277,-0.01434560346619529,0.06504482764251218
0.0028510354308393104,-0.13119221027135053,0.009386802340369371,0.00014733399169308825,-0.0140463966274742,-0.0030489311823844456,0.007511797992803548,-0.01795586171669261,-0.02762231310584884
0.0021329549501416523,-0.02523793258986262,0.010738358221132671,0.001442725528855604,-0.027595710006878604,-0.0013903679399258906,-0.010168213787565605,0.0018878883765323096,-0.020408871631207415
0.0021284151348259783,-0.07287992336866056,0.014579449763157726,0.003377835818055175,-0.003092718132693184,0.026297104927404807,0.001030133700305691,0.014662367039480095,0.024989731680173488
0.004243287837866205,-0.017331456351640018,0.015765753071886657,0.003950781393236014,-0.01076721959437782,0.01850182255520172,-0.003137727547446567,0.031085301179385683,-0.008721652714997585
0.0028188884064199726,0.09021137972030058,0.011884858125700504,0.0007882866852000348,-0.03556099802370144,0.01761218528022168,-0.036762541572905816,0.03522163620937557,-0.06426193421836901
0.0014064699927516244,0.028348355004255144,0.009017016892062024,-0.0005254554067661843,-0.00014566601998189377,0.00396599074528467,-0.008231449764043663,0.005994028871352697,-0.046800993439495286
0.003507544809678187,-0.07076907088820716,0.005352029512572187,-0.0016365180893131992,-0.024603216226038838,0.004267878132118291,-0.0058357737064689275,0.018834401969558545,-0.01977171587286053
0.0020986366569202275,-0.023609865639133698,0.0030040237717336993,-0.001346289128655087,0.014696157332656501,-0.013935022256610724,0.006477150606471471,0.01598021222081969,0.054205497518784895
0.001396648271721368,0.006802747322752323,0.004729966828002752,-0.0008203686258934084,0.03569161157085188,-0.010491382909768476,0.027203128962606682,0.018483863845503157,0.011383443883437927
0.0034831104528203483,-0.027493140580198583,0.008820766683730774,-0.00011725047646393705,0.005345305435928205,0.011941046992255289,0.01642214090012839,-0.002258259029999099,-0.003450829157732649
0.0027777795639023495,0.030877238564439136,0.017317679061534363,0.00747645198666369,-0.018382440378709786,0.006122360751597805,0.007142107275539211,0.0021854269013557026,-0.014925650216675912
0.0006932409289763797,0.03648829326313674,0.008594167796091234,0.001599000238940107,-0.0344653892232229,0.007154758878534284,-0.006307632461547974,0.019352662975907986,-0.044064505598216286
0.0013850417726617437,-0.009820046180975428,0.008797574915777595,-0.00011620475290641252,0.004373189943516487,0.002377252867436508,0.017472259242890087,0.03367462385193809,-0.06492274021702826
0.002073972399129431,-0.006600684031351944,0.008812247222765635,0.0010743790687488541,-0.0007564035926944102,0.020114321214721537,0.006561095817766205,0.004231139877224344,0.006685261667236819
0.001380262468957838,-0.02345166103504992,0.009097588220218888,0.0018846321123557885,-0.0386750740040005,0.010239759520648872,-0.0018795163015906668,0.013985607865563354,-0.028726278258396132
0.004129393342011234,0.02345166103504992,0.008027824649235349,0.0013026677579226487,0.014220656100329798,0.003636132861672803,0.0018630652803930392,-0.006171833342437427,0.03646967978139104
0.002743485945750912,0.026145280104322266,0.00983379996857181,0.003869035258954767,0.0055067464619220075,-0.006698906364498103,-0.008605506255499606,-0.007240700675080092,-0.088665637085656
0.002052686317742136,-0.012987195526811268,0.004880872271225911,0.0012671717849155328,0.013427512170764211,0.01006419668383457,0.015302257414659404,0.0032037961245585667,-0.1344779142285537
0.0,-0.026491615446976313,0.0017689726884340118,0.00011511785202777958,0.03276931466519367,-0.010204630929525338,0.011291054839151493,0.009387419292072874,0.03452119436823331
0.002730377122857064,0.08673169582433315,0.004144809496551716,0.00023019595532325354,0.028369758588999372,0.018932429969446163,0.020630493524842586,0.012058507571545585,-0.01677328824482771
0.002722942458456501,0.07410797215372189,0.003338607915710945,0.0012651314261109547,-0.007338211342315659,0.01626479066600034,-0.005985340281710716,0.001892429474932511,-0.0067888923336858475
0.0006795786873841081,0.05014978368547163,0.0008767316009592463,0.00034475824170066005,0.006698933249637606,0.013490942703687558,-0.003244676404257074,0.03420432571127652,0.11201408083791264
0.0020359694850986543,0.11778303565638315,0.0019261081072903252,0.0027251490596125194,0.012063797942432508,-0.0015437632287144676,0.024972789599589484,0.015446152564172033,0.08574179349634559
0.0027081939368791552,0.0,0.0016604766760357492,-0.003242331004251753,0.011769979290420396,0.0020211642609785363,0.013166573200917187,-0.0007896785173830967,0.06335000070542796
0.0033749610165259014,0.044871754177175704,0.004791158605453205,0.0024972385496635496,0.001603154845744914,-0.000764091987836446,0.01580872159754798,0.010599644582734546,0.030994216492964632
0.004034975212179326,0.034055504412495274,-8.69074002194381e-05,-0.0007169589776427898,0.00816048647893547,-0.003084228913877274,0.0009424142236891253,-0.02027454430394382,-0.06732299779147954
0.0020113985996852435,0.030771658666753687,0.0011292075032676152,0.00011474798486510451,0.0025639309639596264,-0.017789748393414795,0.0029487220912335355,-0.011108845754435048,-0.05192346827910477
0.0006695681535724418,0.06899287148695143,-0.0014769126528069165,-0.0005164696545421066,-0.005574809606526898,-0.002769152730523361,0.009923510408653413,-0.004239340934569569,0.015354296528498512
0.002673798384402737,0.06643066928960906,0.0006084046947911759,0.0008319587369332027,0.022837349809085083,0.010604404817775304,0.019424875244846207,-0.0046479958317471315,0.019559159427202655
0.002000667556296243,0.05694835187089553,-0.00017379214503243645,-0.00022943673382691543,0.02481242335596434,0.01785676974576106,0.02596295037785762,0.01012221617466147,-0.05167201054432091
0.002661345549514138,0.019452425926815398,0.0006081404122966205,0.001719493746296763,-0.011953683784897973,0.017108579677986124,0.004568324405660851,-0.005940167388697848,0.05001042057466121
0.0026542815848733525,0.010453056852089304,-0.0034800800739382964,-0.0007160964458208241,-0.02645373341156998,-0.009052527117413334,-0.0089291745389935,0.006362522496412781,0.028955860730136784
0.001986097971629519,-0.006956549793359912,-0.0006102611235121458,0.00034379029131059724,-0.013803116449937869,0.0051322786671524345,0.01795344937416188,0.010695910876433956,-0.001616815226905377
0.003960401216096976,-0.014059985568298572,0.0022648093304535877,0.0023174981403624173,0.001527195551283056,-0.02262800045802349,0.03236146905486792,0.0006215696946534344,0.07078917159273779
0.0019743343037168515,0.0035335725813110397,-0.0034864499710423047,0.0071190892121268945,-0.011589332018302922,-0.01119987261694494,0.00025543523748777774,0.014843188638059779,-0.008072697725111322
0.0019704439872993973,-0.035910501305771,-0.000960908569242136,0.006984236163633639,-0.010468667897015616,0.012150656424885664,0.0031076727344076516,0.0014629653857269886,-0.06758266351879927
0.0013114755978103076,-0.009182800982334927,0.001135520059121653,0.005199342825939368,0.011508283332973712,-0.011932237569460546,0.0069844597351655935,-0.006111316331450789,-0.06262526675902169
0.001963994084659859,-0.003696861881326008,-8.730193379236084e-05,0.00603657302340288,0.018302222800068435,-0.004382746174626584,-0.02598280118250651,-7.494627982551627e-05,0.0390431484526772
0.0013071897286218714,-0.022472855852058604,-0.002972809743801541,0.0036433965571749383,0.01651430379136909,-0.003164932538730625,-0.0012322174897763105,0.00586106823650745,0.01158633651037988
0.002609264363613306,0.0,-0.004124079025556782,0.0031321486350446293,0.004342993728310651,-0.003794160259261936,0.004441986999328851,-0.0031072035409147603,-0.04487572915864213
0.0013020835172987688,0.015037877364540542,-0.0028176473691141624,0.001797243789040337,-0.015506348923185642,0.005596048687958044,-0.010284883547090617,-0.0007203783863936053,0.03162318843051226
0.0013003903002832828,-0.0419108956156371,-0.005836592444451227,0.0026484965960289486,-0.0064849293347172265,0.011700826615989313,-0.003513843129658578,0.004276744328909121,0.056200633345616424
0.005184716734186523,-0.027615167032973398,-0.003553979751449887,0.00505676181290049,0.0015982950641840188,-0.00177864455735105,0.018283297776832796,-0.0059897257070327115,-0.00897340410274694
0.001937359340226763,-0.03459144476961895,-0.004460310695199254,0.003803170240708198,0.018514742117832883,0.006092702521200033,0.019444778570527566,0.027263546597949384,0.012121360532344916
0.0032206147000417573,0.026559273072354728,0.0036589215779141426,0.0068311667661529185,0.020685228717266357,-0.007019825821806103,0.008616387251115132,0.04884448323900559,0.11094989474560313
0.0038510959020978675,-0.0020181641562371233,0.001957818548302015,0.0029250081792113747,0.01837109726795158,-0.004707633812356338,0.0024017072136466866,0.06972419816352371,0.09688588866685421
0.0019200005898243333,0.014042357123038807,-0.0074064497761883175,0.0032130493533824023,0.01432021829123481,0.007376885995956262,0.004797542658314891,0.03725546103966382,-0.10441533600333974
0.0019163212507642413,0.013847896858793618,-0.0011650312739526214,0.003471431480912557,-0.007279236895975066,-0.0025228071368419425,-0.013521786593800378,-0.0048211494176191305,-0.036070272410253956
0.001912655986332723,0.011718884113213424,-0.0025139176464499258,0.0039144240019926,-0.00186481017945625,0.0028746299810752385,0.01977971613455054,0.010149712794629062,0.04219225997885978
0.0012730746467983778,-0.019608471388376403,-0.009756174945365181,0.0018446490373271729,-0.008514182405265636,0.001830136080102629,-0.00205082286107644,0.02971884756648091,0.027779564107075494
0.0031756139738865485,0.00788958727516298,-0.004914014802428923,0.0025075372596887746,0.01236762332647845,-0.0020833696635477184,0.011270258020031454,-0.005542954365661545,0.09031641162383774
0.0031655613645611425,-0.01984192079900393,-0.009624713374209115,0.00515533548587932,-0.0012610161283049814,-0.013637804701245648,0.006168601437240018,0.016741011438693665,0.037261219424685965
0.0031555721988096863,0.00798407434822046,-0.002028398261392894,0.005893329600644037,0.006352589497144179,-0.00950469886230193,0.012823693769701994,0.016850525185188037,-0.048167367793664706
0.0025173078113773784,-0.024146042305218662,-0.0020325210249225734,0.006173102335669256,-0.00028531653420413305,0.017850347240119024,-0.006711945836679167,0.006318922387896331,0.06213686257565243
0.0018838310123738822,0.024146042305218662,-9.248554919860652e-05,0.00418126360492721,-0.0242074892602529,-0.00938129756425543,-0.00586651007114497,-0.010098311222391798,-0.0039714110974657935
0.00188028886485192,-0.0039840690148744695,-0.002222223136717716,0.0030465203424725473,-0.012785528523886536,0.0045442330376258555,-0.014434369822109328,-0.04056965339340857,-0.12487136963327972
0.0006259781112074592,0.02561716437030026,-0.005856940463402793,0.0038663687476958586,0.02545548039744433,0.01238403360032303,0.010158502177629813,-0.005346873434598276,-0.05609813700839261
0.0006255865077342548,0.0038835000263977015,-0.00805097027985191,0.004083642696468104,-0.01122457549032918,0.015674884606574624,-0.008187248347428455,0.0022095678771059113,-0.062474209169885775
0.0,-0.021548336206203,-9.399821410305265e-05,0.0031418222645740457,-0.0046104600846768595,-0.009918119057610253,-0.0017833478638881184,0.005636404843061493,0.055295427442880296
0.0018744147943507983,-0.024049255232669653,0.002159726648212512,0.004310351501121801,-0.027302899717527362,0.0028006446349590486,-0.005570159529767749,0.007519351468496582,-0.0778836568168435
0.0012476607981550814,0.024049255232669653,-0.0005629574177579144,0.004572224724105567,-0.016358288419999256,-0.004880596599906195,-0.03880884460631301,0.013372712538370912,0.02055570834904108
0.002490661312451792,0.0176648361798053,0.009155519857809047,0.00850118679760925,-0.0021917380137672637,0.009394006320047055,-0.028961108286797266,0.026916083032813454,0.01464302861685196
0.0024844733276614406,-0.037665502886474744,-0.007842445199065295,0.003959402436306547,-0.023598187379745672,-0.0024275018949355687,-0.009493011195073953,0.0007324775898300828,-0.007547205635382692
0.0018593125901835705,0.004032263527938396,-0.0012192264112904638,0.004820859513667841,-0.0046875341335221865,-0.0001855466065548983,-0.0007462382044398641,0.005422510268620728,0.07443259478276953
0.0012376239203497619,0.03363323935853635,0.004961395620704856,0.005620027031332242,-0.03457392181000324,0.018514961854524892,-0.018041391678284946,0.026139844255388844,-0.05492710015851321
0.0006182380413308763,0.0038835000263977015,0.0013064578192700793,0.004498187188671565,-0.04920620123426439,0.010048762956405943,-0.0540243390164426,0.006426956638209802,-0.09664837047313268
0.001235330607991969,-0.023530497410194195,0.0015841218427103954,0.005760854591715159,-0.008021122730973218,0.009661105443787898,-0.020712327507750983,0.014489616711516717,-0.09193345419505805
0.0,0.009871748479154174,0.003531930430585639,0.008029410488383348,0.026716615891536732,-0.005242560199635815,0.006209245019256682,-0.001607936312532976,-0.04027389913793966
0.0,-0.011857846450783471,-0.0008353831645608878,0.00619272507650237,-0.007047527513933782,-0.011812997477455844,-0.017748077427238274,0.008251790684901783,-0.06031333776722869
0.001233806448929009,-0.016032407531048953,-0.0003715055304169823,0.006275385546334888,-0.026202732820819974,0.009271908990729494,-0.03413069106118616,0.01423379526500912,0.015097103281819013
0.002463055432397887,0.010050335853501347,0.0024123225652701308,0.005828111769345057,-0.032840297473443913,0.010746059446943068,-0.02680371772596657,0.00923709939038786,-0.029083345256558868
0.0012292564547298213,-0.004008021397538641,-0.002598127099435743,0.00471941943215981,-0.04317880094288712,0.01394112532048547,-0.0503239136001592,0.05692529543852953,-0.08317750647890776
0.0024539889615660115,-0.004024150299725582,-0.0011155527790700503,0.004697251093121579,0.022024216437358135,0.01448780719790188,0.011935933761047512,0.14439341313119503,0.03227243140484992
0.0012247398958962208,-0.012170535620255052,0.0007438401086812263,0.005905739074130167,-0.04837236831078734,0.03160409303784251,-0.03397223579616371,0.014548793025741968,-0.05066206328031653
0.0006118079114054709,-0.06100734810802377,0.003710923638850616,0.009180423216930578,4.043393701735898e-05,-0.008425773232180744,0.006553860579045168,-0.03595576295748515,0.10958321334261045
0.0024434954124759045,-0.151983831742168,0.00563277725516631,0.009375505962252006,0.0480578641001686,0.015269131556235993,0.03296246726584451,-0.05001893237738231,-0.03866198703426438
0.0012195123462612756,0.10763066419236544,0.008161813385498817,0.008943383892409784,0.027284258770401526,-0.003099236785655435,0.02404779495982745,-0.025851034252267757,-0.10643685926908208
0.0018264845260347329,-0.004545462371674747,9.132837122205473e-05,0.006649722974033878,-0.02671443952636865,0.0018666028680067726,-0.022248802482584207,0.04361259190896605,-0.1357316135341251
0.001823154561514606,-0.01145487897476638,0.00282705035306563,0.006242473510118529,0.02207001175095269,-0.015562077600355051,0.03119679346645554,0.015132507139407947,0.09810962174454074
0.0,0.022780028331820024,-0.0012757428375040902,0.005164926306012063,0.012438969801982391,-0.014384520569387882,0.0085297280838732,0.020083614969694352,-0.041587729580060184
0.0006069802917769707,0.0,-9.118679621522574e-05,0.0015352662638061787,-0.014291262112294867,0.013151373985686887,-0.020694469012696115,0.016050321705667336,0.20074638709447745
0.006652579721027507,-0.034367643504207956,0.004549184444496923,0.00647629877710898,0.01752996118603367,-0.019609946435333148,0.01938397955893334,-0.015406728355819244,0.16479834600174836
0.0006025911601446055,0.04779066383634856,0.0019951035909562265,0.00552110930280314,0.03190622252982933,-0.018303717622876303,0.01865360727486154,0.010127690532129252,0.023409575988816655
0.0,0.015435808129839135,-0.003630426931686692,0.004869868754182605,-0.009903766402662662,0.005716506408615596,-0.03776252283142367,-0.015143648185879544,0.011223462369849724
0.0042080014002046084,-0.0043859719432541855,-0.0006366819988592454,0.00605968636651788,-0.00017646914317909212,0.01322380650672006,-0.011968477303916591,0.004959672919204294,0.11480240751824589
0.002396645844600087,0.036681566634604756,9.097939322977311e-05,0.0038071810161461883,-0.017833599005873946,0.0027816902043677483,-0.00045222867410765755,0.0019562901303649127,0.05704784940841323
0.004180358431757902,-0.008510689667908578,-0.0024593536101420455,0.0035301248083214887,0.00757006595163312,-0.01086995660756368,-0.0054845540427573836,-0.012131423593310764,0.11191791620398561
0.0017862463814637408,0.03774032798284721,0.006182399908317926,0.005217498055491987,0.0022956362800847785,0.0003774502683177028,-0.01709310690703081,0.007669012872576486,-0.04776128188567874
0.001783061393656027,0.042302379690689396,0.006684758406813707,0.004150149908078049,-0.018778948160798226,-0.006913346199381221,-0.003907225533856473,0.006441698482795077,0.09695152607645019
0.0023724803536309125,0.02531780798428973,0.010300597143797496,0.005945256456286074,0.0033289873366793565,0.003251215782834993,-0.0067590990538241025,0.001290628305472552,0.04305948946044724
0.0029577069772326325,0.02281467776617152,-8.911464605176889e-05,0.006081528161443472,0.02323132719745219,-0.016166214415813673,0.007851931354300623,-0.0031629996503415025,0.04348511193973881
0.004126147911172495,0.0423246244047899,-0.012103971685116122,0.0028453781832933345,-0.044056556645567735,0.0018001184248572777,-0.04469293452583267,0.030526569337684162,0.07455331894214234
0.005865119452398204,0.024912320379896657,-0.000992735066413175,0.006558377956734418,-0.029703635221354385,0.006568681501927465,-0.00029267643941877086,0.02292803199462856,0.01587603012503136
-0.0005849663811146044,-0.005286355923148189,0.007287153834043103,0.011836205484708984,-0.02216371524446853,0.00553042896609468,0.011810831113536535,0.027526422475099954,-0.14858087596614178
0.0017538735860958,0.022708399369812282,-0.009637543634204881,-0.0025410839525203954,-0.030087672178302327,0.01812183483462443,-0.052005685142857194,0.05499091316818405,0.11275920525466576
0.00582412828598855,-0.017422043446664093,-0.0020838059635455153,0.0037568386037030166,0.028259507638162207,-0.012574858518596355,-0.0007822648413555733,-0.01566330676073191,0.10006691828555647
0.00289939315900245,0.0463602329390187,0.0008159195412078546,0.003701036122501833,-0.013421110274829395,0.0005005671095951181,-0.023206181043350704,-0.0025426305589941745,-0.06894797710098688
0.0,0.021577600644547168,-0.002994965255433968,0.005868414893649643,-0.010566988550310463,0.003396643677083977,-0.03210575082362266,0.008641063950028283,0.051192279184676615
0.00519781707361755,-0.01488861249375062,-0.0004545661244685917,0.007380107297622729,-0.05070093517369523,0.0024362830915528044,-0.06516965973838174,0.03162343950914637,0.08048554479052328
0.001726619133987306,0.018167303955449077,-0.0009097526100534381,0.003310546384470925,-0.044759321906448934,0.017370897098803628,-0.04159915415763682,0.04222869107803362,-0.02298951822469908
0.0017236430581650808,0.00977206473379244,-0.005750552107285145,0.002337503627378723,-0.011703467673990553,0.01974583072173891,-0.0026816217823002475,0.026182263789527482,0.03880243922423876
0.002293578987099032,-0.06702675739728825,-0.0034846435994504432,0.00915370855432407,0.04633231861690423,-0.013550872397953051,0.07398563795743174,-0.00586854759182609,-0.1908411858483534
0.005711037795514962,-0.11367536584436344,0.007413203766063248,0.010236413190579441,0.015684889246171507,-0.012346958171699063,0.03325038535544367,0.017473938881435558,0.03963986147707832
0.0022753138371349735,-0.05385149481058904,0.004094823502289735,0.0077436782058537545,-0.03938733734865019,0.012142030658685132,-0.021989025659399086,0.005487739888903498,0.0006756757013817172
0.0005680204640086117,-0.09900552377544902,0.006968038690717826,0.011454969782191071,-0.059143537392090884,0.02414018604025031,-0.038218152474163714,0.009735335789450517,-0.08305862100424699
0.0017021280705309394,-0.13288518904791635,0.00700937449257566,0.012590851575184914,-0.002995461654170861,-0.0006252142388848414,-0.027376461115975803,0.022580621932925204,0.008768781067901354
0.005089069507471677,-0.0667804812040107,0.0016105944784383652,-0.00036978290272848824,0.035816760382358925,-0.010789169302230062,0.03587204529414356,-0.012383883912410631,0.04063281693286935
0.002253522080443382,-0.0365722896233438,0.0068606318903334795,0.008316177147593251,-0.0035706659720042833,-0.010772526463972643,-0.0184022246077592,0.010052777352142606,-0.036639346386919236
-0.001689665285127262,0.005714301263438415,0.011213750459787342,0.005755494660919069,-0.01782548636101411,0.004092777280033932,-0.0145019046941538,0.018423044893690843,-0.043316044106906926
0.0,-0.04367506350266148,0.009872955999348676,0.006466570583549824,0.030380523241291812,0.005904991292294159,0.055389833644951425,0.01236676389939051,0.03494779443639029
0.003938120420137636,-0.24116205681688796,0.04712447084361138,0.021002951512848256,-0.0407240753937016,0.018072702862515944,-0.03321665845414601,0.04287532775572522,-0.04368811228553682
-0.002811359737546759,-0.2006706954621511,-0.03373854619747885,-0.0021123674773679824,0.0011385230898773857,0.002381428437557842,-0.00806651006088499,0.06738650807101232,-0.16701938713883102
-0.0005632216425990322,-0.14416979082957837,0.004536319671930578,0.008144445045561,0.02412429529567861,0.013001594370645186,0.004407945809528191,0.0482158953638705,-0.1211717207019003
-0.000563539039991845,-0.10120990193151325,0.01036454779887297,0.009789512979063275,-0.005231167878851695,-0.008508408313915417,-0.0002164918703733143,0.18142285992944052,-0.01281083367175917
0.001689665285127262,-0.023953241022492966,0.0063187370605390925,0.0037426429288949237,0.0061867244388169595,0.01318848013129037,0.02096342910198934,-0.0043213844617637776,0.01687587991992867
0.001686815131479058,0.04154900291287256,-8.39877378400189e-05,0.005351073392558803,-0.008264604385931462,-0.0020739476789466416,-0.013624473221010125,-0.011543953767304327,0.04946606821679289
0.002805050927608299,0.03989132902730197,0.002265196656320967,0.0021469777719982375,0.024625541360736358,-0.0054376732307229725,0.03425360490272755,-0.0005228566098893772,0.16879744087911597
0.00447177939139376,-0.04572224933809521,-0.005377712313150873,1.817504384860058e-05,0.018258586859702164,-0.003948279659376219,0.02166299529802229,-0.035727871342809525,0.06509890221135572
0.0011148273172461032,0.011628037995119134,0.00202003267074069,0.004750516621728096,0.026887461702531534,-0.02001050859670639,0.040140177245508446,-0.08682542268300297,0.03232149069300938
0.0005569479397662391,-0.017493157447517227,0.003357679642410183,0.004511991483653333,0.03279835659552899,-0.01188500548362903,0.05815261645130543,0.0022193857879466705,-0.05785479269817406
0.0022246950221109785,-0.01183445764700286,0.00484869700977697,0.0076597111516232275,-0.025590658081260154,0.00891020683435978,-0.015754899237999553,-0.007967866144321434,0.055262678675049415
0.002773926882725597,-0.036367644170874736,-0.010057917325898558,0.007530544831347186,-0.02277117761247749,0.01532513179113909,-0.036822125175755005,0.04685006597700614,0.051311833333241186
0.0016606701851404893,0.006153865574378137,0.007552905995930281,0.004247568462501405,0.009465277299210095,0.004270681818058897,0.01427247198533621,0.0008386048445565564,0.043762366224906035
0.0022099456508026805,-0.031155167779795434,0.006583082813347296,0.00788084364495667,0.006850227552067101,0.0011883357738998734,0.024343849919029825,-0.027832762522685517,-0.02803602429303753
0.0016542600960258724,-0.2504106776545494,0.004640379556501983,0.008896545438505044,0.019832567328139317,-0.004163548808835127,0.03162802651516039,-0.06566018316331412,-0.09029503742937672
0.0016515280384732378,-0.03306086226088814,0.008725053292484297,0.00369231188712682,0.002058236211236797,-0.007815349217066447,0.02677483992519536,-0.07563655165566807,0.11156513604711282
0.004390786417490133,-0.01694955831377329,0.005801854885709723,0.005642080273489114,0.035760564735080935,-0.01146309815439095,0.055330946426007,-0.028681812704259624,0.1119578499140319
0.005461510025521754,0.0,0.008842077481669541,0.0061919702479205085,0.021516972758926167,-0.019191248364382574,0.02583501308939662,-0.04819350569626524,0.08379427036834608
0.0016326534238855217,-0.03478611608541558,0.0008879919856967788,0.00344810269426965,0.009894422848046758,-0.024140168433931075,-0.00042855420633358676,-0.02878799655631603,-0.06694162956764327
-0.0038136793702454597,0.0,0.008596847225518012,0.006302095786413275,0.013981188977912229,-0.012184654907408943,-0.0035365788081771488,-0.04930153832075135,-0.17358631986093798
-0.0016388968432101692,-0.05455898425043425,0.014928020584236812,0.010075227593484115,0.058630512255021416,-0.05225902498111573,0.04233447562121517,-0.0003875097605705591,-0.002132196969840461
0.0010928962836445066,-0.15104025741286586,0.009569451016150587,0.006166721025678612,0.028108294942810086,-0.022985117224967877,0.010181451200657832,0.02557463155549211,0.08683348852522732
0.003271540540615625,-0.021978906718775268,0.0050613306411575465,0.007783431957328446,-0.0067757824664838595,0.021635730652962204,0.008360172303936153,-0.04064583205767036,0.003256271193775362
0.0043454712595014655,0.0540672212702757,0.006888838729500968,0.009542528112717719,-0.013675597078507629,0.010207914514281269,-0.00587380920832814,-0.020255966015510385,0.025992157932456905
0.0032467560988704847,-0.010582109330536951,0.0006169031657705659,-0.004496676103523001,0.01786388907669101,-0.02384479480096985,0.0022846149347457434,-0.012045138133252697,-0.10899220344609217
-0.0010810811863732894,-0.021506205220963484,0.00046242775390492596,-0.0015967475840437118,0.04608082680241554,-0.030742680242171416,0.029837741662358086,-0.04787991005317482,0.06925187479657824
0.0005406866852455394,0.01081091610421564,0.0010011938146190502,0.0009056852951214722,0.029730194938026977,-0.006869499184891881,0.043107496951489244,-0.035647770627907915,0.025062336989159384
0.00269905696916517,-0.03278982282299091,0.005450441466869904,-0.0002798515159039283,0.03203594965820539,-0.00022080821280834328,0.029236870579517182,-0.027617329875212926,0.032260862218221664
0.004303395560053325,-0.022472855852058604,-0.00015312763218044978,0.001365592229262802,0.04322513191675442,-0.013034099224481621,0.04043605495623004,0.05972855566420776,0.06564668374259108
0.002144772940133599,0.05526267867504951,0.011722749759409012,0.006506139847289205,0.0067911704592405475,0.02600625702072701,0.026038079680820225,-0.027102967372214515,0.011014604111299953
0.0021401827323677125,0.010695289116747844,0.005509240001476456,0.005879639404628989,-0.03582034993239158,-0.000990400189344376,-0.04581070439774365,-0.02098203109516339,0.05741461880532128
0.00160213652427732,0.0,0.0030809718153159693,0.006636046623725633,-0.007129738076695147,0.010031322212784466,-0.0293545364080513,-0.005952094015428733,0.0002721458718659697
0.004259857346958107,0.08167803101426727,0.0003750797088351021,0.012313175625516593,-0.05584140278821098,0.02711635492127895,-0.042120612366200294,0.03362204102934907,0.09171684219151599
0.003712547356184537,0.21921427317432018,0.007025439957249802,0.00035049707215684123,-0.014647480015144931,-0.015361199431276562,0.021359463215568475,-0.05718564151500849,-0.05747974591019345
0.001058201156947547,0.04616204176316255,-0.0014160613508442665,0.002100406532402843,0.03191880703763167,-0.02636838595549107,0.028807520865229808,-0.04565830360286349,0.069816443206141
0.0005286809533657788,0.1068631455423612,0.01001826493350677,0.004235110106025175,-0.00713078163775438,-0.007458714129705224,0.014414675377958874,0.052648458423972366,0.09624602960189943
0.0031662295580501265,0.10873320013646548,0.006036531876073781,0.005430163303620006,-0.011669628468258975,-0.018904203729192104,0.005017995013546883,0.010499728032642652,0.022898402512743665
0.005254872838358793,0.0645385211375713,-0.00014679976538367612,0.0043355393077053606,0.0430483915532493,-0.03247602732996907,0.037482730976288625,-0.023765234242752564,0.1482248289711814
0.0047058910374122576,0.1622347982272172,0.008697295824959816,0.004145132283314368,0.04878854165806035,-0.04106227916012126,0.023544764678939845,-0.05656781438001257,-0.09461597637484909
0.0,0.056352936551131716,0.001308995896313725,0.0028369255551261574,-0.0038070211449766633,0.01830828346676991,0.019751018471331483,-0.052250109836206704,-0.11626263232784773
-0.0005217845148388633,0.06196672374919987,-0.006489031555342528,0.0009801405652698492,-0.0008441651590777033,0.004871596501357073,-0.01187100341785613,0.04026747561246102,0.08205512120007974
0.004166672694846163,0.08629581345283599,0.00292162942466323,0.001258770766922268,0.018586493366958418,0.012347682490816997,0.01272944905694634,0.006931427412596447,0.027583599514617863
0.0036316512028626846,0.07579383936953366,-0.0001458789207546829,0.0014588121030243428,0.004509818183866976,-0.01956558713481546,0.02004962331310728,0.005439123361587583,0.11817525133388829
0.0031023809784818113,0.01449300730256664,-0.009159921884772437,0.002091386576498877,-0.013999139886680195,0.01621121321044694,-0.012511725138119267,0.01872777748108323,-0.022581905734099017
-0.0005163955704734491,0.02135312447056914,0.005579224573653008,0.0026582607147069837,-0.009757803835799661,0.015757206755017128,-0.0025860230354436964,0.028836240251510326,-0.0612972715506106
0.0005163955704734491,0.04475790064149354,0.010269199163258413,0.005034381375150332,0.00046678242475639564,-0.012309655450075119,-0.015015342204610593,0.06321752145541337,0.12296502819247213
0.006176036100564275,0.08081940674170873,-0.008075414005545234,0.00487163167042759,-0.018796416477392164,-0.014058712158141223,-0.04243691691143514,-0.006402350997759099,0.04595520341993442
0.006138126688785661,0.06609011182899005,0.006407477870646439,0.005000086637855006,0.011888876351496436,-0.015304244587011268,0.024298712430617264,-0.035988421319281594,0.09669596800053792
0.013674561020173392,-0.005830920310793131,0.0005804672924565324,0.005126505190945707,0.0048673987534181284,-0.022336834013574974,0.0044818887284051034,-0.014614011090965828,0.009189833399386949
0.0015079168476770377,0.08139132554482997,-0.0015244458688892237,0.005100358121586268,-0.015368368263667442,-0.00022585269344452263,-0.0005917216408730108,0.034223407436138276,-0.05210408029218261
-0.005035257365645585,0.044803277015838194,-0.00029063431142617446,0.0025254436704624794,-0.024363516367894134,0.003501546630521657,-0.012456978290713627,0.010213632342553014,-0.06537407731305933
0.0,0.0025740039951729354,-0.0013089007104305495,0.004060386894789048,0.009466940526776935,-0.017127030158428702,0.007225351873334007,-0.047291006367137456,0.018517474667246958
0.006039273514243604,0.08615411161351139,0.003776604096534797,0.006305031358218471,0.01098691840788757,-0.0037228256959539185,-0.010878662251469995,-0.0437932179306364,0.09743489686231221
0.0005016303089888652,0.04383631481317796,-0.0007977084436205928,0.0036485564916812763,-0.011736735041930901,-0.007172666416676854,-0.020016650767420097,0.0064506855019046405,-0.06074869425581042
0.001503382894031624,0.017897569457542728,0.0034762491553612662,0.002159125358161873,-0.02070662246947258,0.007296837758635655,-0.06014501608933609,0.020757579768752255,0.017053180311725313
0.004995015380522716,0.019759149980462132,-0.0013021777142085966,0.005539119361293032,0.014081634812415755,-0.011474547621852987,-0.01949755702010708,-0.026369249337715894,0.1022611250662182
0.0029850768434540598,0.0257524961024147,0.0041898493714045415,0.000998487667937198,0.03601517410701893,-0.030270846680053184,0.014513175185789706,0.03739299752017411,0.01996074256253788
0.002480775273762781,0.014721611825359915,-0.008542729140541105,0.0055761002114653735,-0.031934907723146944,0.0033604682311487305,-0.019367244259173078,0.09958232349893326,0.0015515906914185251
0.0054361389122599135,0.03285716515777515,-0.002183565901441753,0.006082053465625847,0.0172948392026257,0.0140140681142219,-0.0019376489069009573,0.013530519891471249,0.047614937803118096
0.004425873956855675,0.0020181641562371233,0.0,0.0045590474589332075,0.013610366258856088,-0.0099944473759217,0.027214315922325705,-0.016907243024001595,-0.01858310512245609
-0.004918849071596121,-0.03070865661916633,-0.005846260439803963,0.003934431304834618,-0.010851085104606806,-0.0018735291917244684,0.03142682975824368,0.06895992479074087,-0.13525404593596946
-0.0044477463982364185,0.022611446386546996,0.004314922407664845,0.0070660530059605264,-0.0005716979394747579,0.011064689056252491,0.01064485199930626,0.024337480904583764,-0.08008189339426419
0.00049517208241312,0.0040568006956145375,0.0003648170482986046,0.005057387069605568,0.024016545121118282,0.00648544525174001,0.010851516559433505,-0.05169773163802094,0.003221160706699422
0.00543077118513402,-0.01838662625043952,-0.0030686076537760343,0.006077668116912349,0.016667890231813365,0.015162517282834659,0.03524513058384682,-0.029560811694390177,0.047596557885488444
0.0016579060562325054,0.026451186087169898,0.0037249431376835673,0.005380900970601843,-0.004047668419205952,0.019770496160466167,0.002001796624219343,0.02184161864543266,-0.12810484447247816
0.0038708491335395223,0.009990093075086248,-0.0063626937878282774,0.002245205326923738,0.0004949938803155141,-0.0044924374044071624,-0.001886037763081272,-0.0019907669535055295,0.08388780991164246
0.0051866474931996365,-0.018054652911816627,0.002564573671589798,0.004740438871904118,0.012942917681735194,-0.002420012306440983,0.00875117052014468,0.024370188144716476,0.019379156416706955
0.002996169481998656,-0.014271394105332735,0.008380446205481284,0.0100633097376992,0.04216088342889254,-0.028809018778939238,0.04887606570201675,-0.034580504778467525,0.05691939711683336
0.004124476656923726,-0.02916873459065683,0.0021022879177010623,0.0019178636193242227,-0.002306020613112525,-0.03578683326263786,-0.0014886282541482498,-0.012446577019634697,-0.008160748366322856
0.0023140721794590036,-0.025697345495284463,-0.00923945316440733,0.004565966783967923,0.020302633305558454,-0.027760068749839537,0.03167292485623063,0.019302442510871876,0.06156965260026581
0.0017790124666809959,0.04454607105395181,0.0026277387383233375,0.00423099936274518,0.02959837340321761,-0.014106143031322557,0.037724486125584544,-0.025271864510069353,0.09370596266184439
0.0003082332001183019,-0.1376894027731863,0.0032749929202653405,0.010344333923320903,-0.04547659704844237,0.007273582196715221,-0.07971442026671632,0.03416280285238926,-0.024031740890064768
0.004228600245438585,-0.07667536765896776,-0.0004360465185362372,0.0024581651784281178,0.020305272748897096,-0.029846997366585803,-0.009887848153148249,-0.016010691687679435,0.09937247381320358
0.0030784944010990856,0.002567395505245651,0.002685929530240827,0.00203489029930104,0.06129172743803192,-0.05128786746337734,0.05616471811903595,-0.04955636011040898,0.07099287215361816
0.007828164082873457,-0.17618656822643852,-0.00552487593196993,0.0034270311801947173,-0.0038329711094141072,-0.008416329965742625,0.003638550096237758,-0.0078118477819493215,0.09943389698818716
0.0028938234029487475,-0.08617769624105232,0.0011656711213552384,0.004056909329905878,-0.027432518691294525,0.035378453823044206,0.007674305555303851,0.01960894888899012,-0.03303958142029462
0.003441775367173605,-0.08701137698962991,0.0031260248639766175,0.004479589396563455,0.011934642381665417,0.007825891664345908,0.006502858454277838,0.02292669539552672,0.013863538405957776
0.002414908637454083,-0.2601848229945587,0.001957870173295184,0.011440788745636254,0.03443443322110279,-0.011339797185667714,0.029231765136228466,0.0903575917223931,0.02569689068934977
0.00357164189274517,-0.5203043677205346,0.005994745481486596,0.008642190752981449,0.009654029399385117,0.004384580434840175,0.004315334158511014,0.04272345509327824,0.1002631557676672
0.002311706965508087,0.023530497410194112,0.0019423767842061679,0.005525773852340876,0.009492455783244397,0.010686403923548074,-0.013440047057680898,-0.02966151825998331,0.06542717311109669
0.005900052068123607,0.29347919013610685,0.0014363691064778195,0.0016453231848014838,0.01948298223171232,-0.01432041922438196,-0.015288889833831337,-0.01964330703541739,0.10784454816293998
0.010423718797166082,0.07245507921542238,0.008005761128901057,0.0024177242514511477,0.001994628197192233,0.01718262638125419,-0.02096300097598991,0.04235780561180569,0.06543524814430501
0.0071160653935047335,-0.13199647290643907,0.01167865487289621,0.0060894549970935685,0.011346864011454079,-0.003606818849382361,-0.00924435068589996,-0.041850465092611255,-0.0038166557088219477
-0.0014895846082954023,0.053744276006690794,-0.009687189065367363,0.0018721554484049108,-0.0873881089992247,0.03919694506395187,-0.06210948023219326,0.007026852001455808,-0.13377778379853744
0.000854726299673203,-0.4201066581011126,0.038061330777274804,0.008495924353887574,-0.07617457505084615,0.004496578771762794,-0.050983736466297114,0.05213776874316656,-0.11390140434910467
-0.00863561639955801,-0.5226951993213743,0.008038738023175007,0.012936137940194214,-0.17316190681545873,0.11291188969098476,-0.10343238141276656,0.1915250862908433,-0.30672041595793154
-0.017864094092818306,-1.2602536402245257,0.027307278346823338,0.006511749742101003,-0.04139467034931904,0.026980674130398924,-0.07035271150986366,0.03330605398850084,-0.29025248796508407
-0.008267605054081528,-1.845826690498331,0.05591418749452881,0.021896301652871486,0.019262975927436143,0.01354768437652043,-0.011933475338398614,-0.01882369632795733,-0.33198050741673635
0.002527574332266802,1.4663370687934272,-0.011870134662981258,0.010222173807077795,0.005212307420512652,-0.007220205255552975,-0.01554765194757779,-0.001525678496118843,0.014246287061944418
0.0036360422314452023,0.8362480242006185,-0.00990484288093807,0.003648782068827572,-0.037730287871101775,0.0165022651606955,-0.06564281540584904,0.0070185849613007,-0.06487422840399049
-0.0009877705412728588,-0.3566749439387322,0.007437814397511566,0.008033229478009218,0.024530598191011888,0.015395006101260406,0.0334580177183782,-0.0023859495884077653,0.20408354920137484
0.001006575752197314,-0.27193371548364187,0.020499072289349662,0.0005602741913808273,0.07129646596157069,-0.03241844836185806,0.07118720341416451,-0.10466804318905698,0.035048161484943385
0.0014704123326474416,0.1177830356563836,0.0036542730578634774,0.006900141983344099,0.06617546308712374,-0.060091963503560136,0.04842779980413392,-0.06811747860641582,0.17304739876141628
0.00826535985544119,0.0,0.025212701997170406,0.001194665547062712,0.048094836539063296,-0.023194402036068734,0.060131953110691194,-0.04155729132114283,0.16529332564739008
-0.000298009855155712,0.0,0.0022280441577828825,0.0004963717690014136,0.002976437114932423,-0.0031065754535840456,0.009024541015588583,-0.011096651490939191,-0.0821150238383428
0.003342859790879338,-0.057158413839948574,-0.0015048911794206532,-5.9078959045777424e-05,0.03716231306327464,-0.032239153320448063,0.04869226231891932,-0.0004972265354274974,0.10215976348146416
0.001929025466836265,-0.3483066942682158,0.0029474592002181055,-0.00016543965626247825,0.03165035973763128,-0.005163976135679024,0.04063194669097964,-0.056752930401910984,-0.023352905191616813
0.002997434998585291,-0.5389965007326869,0.007658746225548185,0.0031033388722150335,0.05031857835388173,-0.025242855518115656,0.04707830790156897,-0.002057294907249929,0.08701137698962924
0.003342996544930976,-0.33647223662121295,0.0031541074144509906,0.003422546255022141,0.014202029503838864,0.0043745212630504696,-0.01153021680126004,0.0029993903683696033,0.02953828700128458
0.0005200411547976458,0.0,0.0058060474731744804,-0.0005637375950851009,-0.019283459942054604,-0.005309160640802148,-0.01835988458463994,-0.0033133702703076473,-0.046184253619852456
0.0006485218758465194,0.18232155679395445,-0.010749917923547514,-0.004061241963677631,0.011689083006514084,-0.009421167193307746,0.013149073937446909,-0.0028958386036070927,0.05053431165659372
-0.0009522298767450366,0.6061358035703157,0.01487655232409324,0.005833594902755479,-0.03002841934497537,0.012755875699767195,-0.040820183006454513,0.027078713731274906,-0.025078873825878922
0.0003313132458968582,0.3101549283038394,0.007093267716206775,-0.00044572689409427824,0.029563231965759204,-0.032992130005146,0.009001826575284644,-0.034795862022274804,0.061063449614363385
0.00023001407787592854,0.06453852113757108,-0.007564022108800472,0.003665474320603934,0.015106303819287473,-0.017446159953509947,0.012161522444007367,-0.008311537821654502,0.037347986841758996
-0.0005199071645751729,0.0,0.006512005647075547,0.0063156387463720876,-0.06108504488515855,0.03429433715909775,-0.019558053349429505,0.04095478612489978,-0.13371784120339303
-0.0004188828777280662,-0.2876820724517808,0.01249398824881709,0.00221615095546035,-0.020145227303798724,-0.0025576502123588474,-0.00831491084589131,-0.00207221447009287,0.021465809457897223
0.0018675086613582081,0.2876820724517808,-0.004398664344186898,0.001320392139760429,0.02844556808506349,0.004429020178338794,0.03113774217464549,-0.015099279618549843,0.01292382487613608
0.0014602967272390188,0.0,0.014225482495975328,0.005586542225385571,0.024507673694048715,-0.0017603920185823851,0.000665301062660939,-0.03153399010888114,0.0036620496065138397
0.001613946310657255,-0.06453852113757108,0.009957691315088724,0.0035388912417460006,0.04292912958257611,-0.00717518439457665,0.019163068440475495,-0.02469739291201556,-0.017914072313715224
0.003475798701795263,-0.14310084364067333,0.008007712106997467,0.005684205364865136,0.043659681471202166,-0.01468401976307616,0.0313314797951334,-0.028714005404596676,0.08469387884926682
0.0025306368592339368,0.07410797215372189,0.026603209315889664,0.0023465899794725686,0.007200609593731864,-0.004924177765542784,0.02651864377997115,0.009535780022252638,0.02841168595037402
0.004008531438849161,0.0,0.0048014059940486575,0.0038836764272911495,0.0040615001136364865,-0.004787922492895785,-0.02773796894958508,-0.02192033104564528,0.05653177507667895
0.0032377948808059998,0.06899287148695143,0.007159158465591453,0.0029198422754141973,0.003258302749186322,-0.014102987066104454,0.019115656317700735,0.01458514572476921,0.00022431583763804497
0.0032093192514253133,-0.14310084364067333,0.012993471395155609,0.0072400849976990145,0.012269319396486109,-0.006366811675192593,-0.004759752204576362,0.03693140111277393,-0.006638561651735486
0.005160211385656588,-0.26236426446749084,0.014089962427469516,0.006508342887672214,0.0028290420921873328,-0.01127797866034869,-0.026208554012543572,-0.04073563876920239,0.1494627418517176
0.004683116049055691,-0.5108256237659909,0.0003681207477610471,0.0070641058809783885,0.04590875248174165,-0.019239012793061016,0.06148865080279145,-0.025960036186649882,0.06282964398888513
0.0031766637911196938,-0.40546510810816416,0.023436339884583823,0.00801419719122265,0.008165321666869008,0.010478290199277963,0.00826669451919515,0.01984174819186668,-0.0820685569760915
0.0,0.0,0.011236073266926105,0.0081247473983872,-0.005477859246604377,0.00884733400727887,0.024522526805431516,-0.010220048086881262,-0.0470770634846005
0.002616610518663798,0.0,0.01652097614579251,0.017499893325222615,0.015330621451659823,-0.022082565185259175,0.03886088731282139,0.00019015023834945133,0.010746125316996036
0.0031494972889110073,-0.6931471805599454,0.058076609857461214,0.019793813989092968,-0.026232686310351742,0.02725349138177991,-0.01201607624154441,0.04324339426391788,-0.1196218269445275
0.0021691934558836223,-0.693147180559945,0.0023070233166020415,0.0021485662660811755,-0.027159611326847074,0.020957538772497772,-0.03146969084626611,0.0668259695499418,-0.009426895530642021
0.0006749796769751626,0.693147180559945,0.00403623770374395,0.003438566507636409,-0.005139616226410331,0.017109649440331203,-0.025807441195625586,0.048570172176253035,0.009311054233089422
0.0018461448804947267,-0.693147180559945,0.024932487856383467,0.0054211954277629815,-0.005532722181762758,0.0048470299903269135,-0.02542751221482681,0.024258434832357345,0.11829778318409279
0.00023768024196879622,0.0,-0.007520556379561505,0.00490674055408391,0.000990116217720563,-0.0012021709337067393,-0.0019001456315690946,0.005387813229169591,0.014306395651238368
0.002720492157261667,1.0986122886681091,0.016706614608591686,0.007581755835838422,0.02856393325185935,-0.010349971041092235,0.040230414539031756,-0.023567171506711393,0.01720104775062392
0.0021351650368677255,1.0986122886681096,0.0026220629850906008,0.005335417462717373,0.029978340658984207,-0.016161726690685337,0.04082149544964944,-0.046514362627271044,0.019065130233769878
0.0020912821313983088,-0.11778303565638337,0.009347122382983741,0.004485429897487236,-0.019385182678703906,-0.0029864340273262125,-0.017828909596016213,-0.0041573903032809945,0.03801571225434852
0.001659410766074565,0.0,0.004329300908465505,0.005444916698834845,-0.016844311338608794,-0.0009553201201245908,-0.0026376736230946662,0.02925921793360242,-0.027116421796312906
-0.002070321770282213,0.11778303565638337,0.008646928807435117,0.004401012184347408,-0.03636248565203043,0.01688683222578591,-0.05421074289873298,0.03975062328305645,-0.08753944374953804
-0.0008267047975740738,0.0,0.008485245784392248,0.007029518757565967,0.0005220965329361545,0.017930397990877332,0.007501091364198104,0.02797617399111907,-0.1399204167950776
0.00028876823050083544,0.10536051565782678,0.01731701368946048,0.00526471526183947,0.031039394796121503,-0.013515042654191765,0.022772252202676146,-0.015431673457892536,0.0658286970081079
0.005792717743123177,0.0,0.016810703927323978,0.007032635153946032,0.016768133650540817,-0.021746676187303825,0.014691593602513597,0.0007482617494769528,0.0684770008679969
0.004759919863458251,0.09531017980432477,0.013824039976479519,0.0079031616410834,-0.006580754857984185,-0.014292355710231765,0.011594360446848778,-0.0002668900445765843,0.004028843447835939
0.002693164754400179,-0.09531017980432477,0.013882493014671482,0.006462483197525515,-0.010463115401953372,0.009010236720217035,-0.00020427161191727272,0.045572100607415233,-0.05457876181219756
-0.0016807561740774801,-0.10536051565782678,0.008849977866846714,0.006729858897196905,0.010324015228106793,0.009894071054704513,-0.0002650900295642633,0.01800359577041144,-0.0336357125761193
-0.00012108893564644063,-0.25131442828090567,0.0078014291900272426,0.011724206060378606,0.005831395284053846,-0.007197570822416573,0.014145792751943637,-0.021577358484703435,0.015253463928985411
0.001978829766479784,0.0,0.006736476938325353,0.0022865645770089316,0.0033099921458352513,0.002257600896591919,0.007028567977252098,0.021386608567021792,0.07560274074295137
0.0054152378489549235,0.35667494393873245,-0.0029391062929011724,0.0018444927171223924,-0.01831143947951285,0.017711224751541355,0.0016959579157221072,0.00892544279565577,0.005787357658950221
-0.0028158799739523843,-0.10536051565782678,0.002979308106008105,0.005333649132701623,0.003444164529825631,0.01439366240027733,-0.012052048629774437,0.0349915267125005,-0.025180613292702603
-0.002090162134340545,-0.40546510810816416,0.011471636884282432,0.0025949408525018924,0.003390255400255046,-0.005629785315861471,0.023211029073572448,-0.010061539416314602,-0.009948178929509943
0.0004140697507883928,-0.40546510810816416,0.007641029318043557,0.003274156866623912,-0.04545524557118746,0.0008697378623281453,-0.027429651387288534,0.026960783333312754,0.02669970427964241
0.0023775795219549423,0.2231435513142097,-0.0009864852333985041,0.005358477228078584,-0.04953921765030923,0.011546832606093321,-0.04282403675887764,0.06727897814111206,0.013243834526563525
0.001955538987195915,-0.2231435513142097,0.008491284607001326,0.003683657603545498,-0.030603166418736144,0.00850900900326633,-0.0022979243874340916,-0.008711676399624668,0.08886306033326452
0.0023844456313710793,0.0,0.0036338811112406333,0.0054214763315059145,-0.013018121615684233,0.00048492262939534014,0.003877668595177741,0.015756022802250857,0.01798950236607233
0.0003768736661315941,-0.6931471805599454,0.013443301728718993,0.0056132205437506855,0.029055281887082035,-0.006249011276407,0.03067097584187614,-0.010897228465663211,-0.0026308386873745704
0.0005350878634899914,0.9162907318741551,0.01747135801078681,0.011378582417181704,0.022899745359537343,0.001977109126174499,0.022072576468045668,-0.006414382836986032,-0.05561554928106105
0.0018427904455773358,0.33647223662121295,0.00302069403528904,0.0008461507471952956,-0.020622104254193016,0.011856962022014618,-0.010293572246305421,0.03015476717215737,-0.06875134789815807
0.002640679493365994,0.0,0.013109292946597684,0.005848844867603731,-0.037567035686812716,0.014463210821019215,-0.004296621759725006,0.0162743162420802,0.039380512871308504
0.0024212417175748513,-0.5596157879354227,0.015067867617710284,0.0063720028674598694,-0.0137587827803195,0.027890104494878408,0.00622831993513287,0.04883637486657788,-0.03131595303457768
