Date,AUD_USD_ret,CAD_USD_ret,NZD_USD_ret,ZAR_USD_ret,CPI,TB3MS,M1,M2,wti_ret
1986-02-01,-0.0010298822563896692,-0.0019185260198048004,0.029004420754938587,-0.12280316256777601,-0.0054678062814117,-0.0100000000000007,0.0035184499830762,0.0003024346814859,-0.39419005371053695
1986-03-01,0.012299398281610474,-0.002406028719858788,-0.006742993348660575,-0.023616184876496304,-0.0036629803137691,-0.5,0.0070917996254973,0.003699299003296,-0.20376589318244775
1986-04-01,0.020832501428067862,-0.009352797844480287,0.06072383389042324,0.005212521698971351,0.0018113757302993,-0.5,-0.0014189440543965,0.0016972804726336,0.01807514828498702
1986-05-01,0.006005839373310673,-0.008792349549001377,0.009555600758819116,0.06711497664270583,0.0064291868138406,0.0900000000000007,0.0052456478465075,0.000796956613053,0.18050266581568275
1986-06-01,-0.054147259455809116,0.010265542133426897,-0.03740585987853351,0.14493126866363892,0.0009069196567574,0.0599999999999996,-0.0039111539759471,-0.0027160818338902,-0.13557695354235166
1986-07-01,-0.09082253861259437,-0.006552704092872619,-0.026149476568830488,0.010176096809182189,-0.0027493484900622,-0.38,0.0014729093771865,0.0004730192864137,-0.14734835318348605
1986-08-01,-0.026956176637256135,0.005548369602799363,-0.060230021431949554,0.01659140937966974,-8.3401131512062e-07,-0.3,-0.0021230300614218,-0.0007097808166101,0.2645520864692186
1986-09-01,0.0157935581022578,-0.0009126592640524844,-0.0432251823094677,-0.12071850015452423,0.0027301660211414,-0.32,0.0002833303602196,0.0004683722619196,-0.015348983348815182
1986-10-01,0.02576717763441344,0.0008825728779294217,0.049679043090012254,-0.025056378203030083,-0.0018264603521034,-0.0300000000000002,-0.0018855748014718,-0.0006961296745355,0.0020154524793496442
1986-11-01,0.009679545972087533,-0.0015452873186263538,0.01945439705144192,0.0009593296772766324,-3.2938022167528e-06,0.17,0.0041454815771206,-0.0021610655767894,0.021249139482126367
1986-12-01,0.0229451011112371,-0.004522879761290233,-0.0008397734482021857,-0.012734957738864128,0.001803403346007,0.180000000000001,0.0119956908316157,0.0046766462068896,0.05682984475534347
1987-01-01,0.002117877571959581,-0.014250462571105627,0.04319920673011046,-0.05920108990284556,0.0017839127098122,-0.100000000000001,-0.0194320652069848,-0.004024075294799,0.1464059489009415
1987-02-01,0.010219394377497582,-0.019726809440032467,0.02230740352490357,-0.006089374462839303,-0.0018163199521854,0.16,-0.0068761835306645,-0.0045003848249116,-0.049460630168399966
1987-03-01,0.02868155196418165,-0.010964462174505418,0.027324658355559306,-0.004936189253125667,-1.28008602171548e-05,0.0,0.0035490235483743,0.0009429133706229,0.030515543925950794
1987-04-01,0.034768022347753835,-0.00017571150283723913,0.024902578121965502,-0.027734289831758074,0.0008749955895366,0.0499999999999998,0.0094365721521034,0.0028171338524369,0.02055237295332102
1987-05-01,0.003865777927423708,0.016445756145140267,-0.001986892837564147,-0.006050755211299941,-0.0017880302905242,0.0200000000000005,-0.0111192547286887,-0.0031941348899442,0.0398793662315966
1987-06-01,0.005267576918503214,-0.0017755998500295078,0.018007971904683173,0.00917958515081485,0.0017566205425065,0.0099999999999997,-0.0060431307925163,-0.0012641648700881,0.03189336377595353
1987-07-01,-0.014090188773598578,-0.009400720601744739,0.0161919945921859,0.018125214777555354,-0.0017753334383439,0.0200000000000005,0.0032231374632223,0.000971669388095,0.061357083065360474
1987-08-01,-0.00101130528440585,-0.00039037321423751603,-0.012162224534860822,0.007626857174116153,0.0017443643377621,0.35,0.0028230792463404,0.0017205174806056,-0.04946987028131389
1987-09-01,0.027443743421831035,-0.007724106700412903,0.07246780971098349,-0.014557931756108755,-0.0008905957739751,0.36,0.0010641579347066,0.0007395278934767,-0.03916163070370571
1987-10-01,-0.02175647338453457,-0.004349812495839989,0.010661623809631315,0.0014182058124143637,-0.0008813491066348,-0.27,0.0078197214762472,0.0014057778334857,0.016755913728438987
1987-11-01,-0.03612878655356294,0.005289424680747834,-0.03360837105147757,-0.03768326816760281,0.0008601214828241,-0.44,-0.0154129105492604,-0.0039948544831185,-0.05219474472300645
1987-12-01,0.035278090371587745,-0.007003174102690191,0.04344078259227946,-0.010878670374412147,-0.0017406235464712,0.0799999999999992,-1.58644613748038e-05,0.001201552311886,-0.08696315051811032
1988-01-01,0.0006515719403021869,-0.016973881312798977,0.017700745417192854,0.011720912600810096,0.0017226327038093,0.04,0.0119570129442561,0.0047454010024958,-0.008718451039881003
1988-02-01,0.00413571231651888,-0.013529159189766493,0.008586436520013563,0.03843631062642816,-0.0017315815566405,-0.149999999999999,-0.0059844163285509,0.000642615550122,-0.019452425926815398
1988-03-01,0.026136028243477716,-0.015072249296329832,-0.002208244569954443,0.0384904642599454,0.0008557752764977,0.04,0.0034148876266808,-0.0009978012391629,-0.036367644170875124
1988-04-01,0.020325417614421915,-0.01123200488787493,-0.0014610412774299641,0.003941874635084219,0.0034121755492124,0.21,0.0028393538529574,-0.0001523796895686,0.097552333210015
1988-05-01,0.038590479273529155,0.0016292890391781945,0.04068029981680782,0.03129700672191482,-0.0034341476958559,0.35,-0.0035599385012119,-0.0016522142422763,-0.02494460402399623
1988-06-01,0.038146134811872345,-0.016020129158932278,0.015946087800335462,0.02738785646813635,0.0016898344401505,0.2,0.0038402400428632,-0.0010137875884357,-0.052442059591423895
1988-07-01,-0.0094958001972473,-0.008334214065537526,-0.046253803475216515,0.054254684607524806,-1.79547719305617e-05,0.27,-0.0045410518461563,-0.001238561369858,-0.06433688790773218
1988-08-01,0.007058272399966814,0.013262433583176636,-0.03065578515415035,0.02251717521741259,-1.78035731774884e-05,0.329999999999999,-0.0015465469034055,-0.0013630118961547,0.0012894908298717311
1988-09-01,-0.017667459436581545,0.002456938297787953,-0.052814039924879264,0.0020407826144778207,-1.76542763075105e-05,0.180000000000001,-0.0019180520665962,3.11758420519226e-05,-0.06522604264969933
1988-10-01,0.022507025820221516,-0.017393601981332385,0.010243692523897285,0.003607127254442899,-0.0008511875981334,0.109999999999999,-0.0010210593712525,0.0011782700286611,-0.05441115936480978
1988-11-01,0.04953308561342418,0.010787591128997492,0.030966054150463607,-0.029625700891128925,-1.1129714737379e-05,0.41,0.0025510864452016,0.0021754190593927,0.026515347727863237
1988-12-01,0.007713326412766314,-0.01850477922416685,-0.006986554723446892,-0.01956997828791529,-1.10558243129333e-05,0.31,0.0002501034428537,-0.0023314175138571,0.14705341795649662
1989-01-01,0.01535299952319713,-0.004110949411858189,-0.019185291465796284,0.015384996243530291,0.0008144404088756,0.199999999999999,-0.00356260135585,-0.001510198805029,0.09542117375526837
1989-02-01,-0.01636506690328382,-0.0018820055629739374,-0.01262587960751721,0.02967312203914163,-0.0008390496348749,0.26,-0.0011492132628241,-0.0010034731780415,-0.004449395549541713
1989-03-01,-0.047220045033859404,0.005262315924058514,-0.0013242165966240727,0.03315909310974807,0.0016271813085753,0.290000000000001,0.001399964641517,0.0023362657772274,0.08235544158373909
1989-04-01,-0.016527958052089065,-0.0055482873456872694,-0.006191465662883144,0.003879451488946639,0.0024159092474844,-0.17,-0.0038437538877493,-0.0004053732067745,0.07846192960170839
1989-05-01,-0.03793433952857861,0.0031526317809862925,-0.007380299957334302,0.0465475742719742,-0.0024757402448782,-0.220000000000001,-0.0005397793125005,-0.0002367999999588,-0.04613588258455881
1989-06-01,-0.02292352068380049,0.005052906470682378,-0.05660326757370976,0.0410194218387101,-0.0016338333959158,-0.279999999999999,0.0034673636347513,0.0035366032739077,-0.0034851914789606475
1989-07-01,0.000676121373011096,-0.007885928509261675,0.0027957839399419537,-0.03316946248578767,-1.03891179179527e-05,-0.27,0.0074811110487527,0.0026610455656008,-0.013557827558011937
1989-08-01,0.009048813017083213,-0.011300078766562027,0.02877970948863906,0.01197080639405268,-0.0032180236942007,0.0200000000000005,-0.0034887805255632,-0.0008772626674016,-0.06258559280887388
1989-09-01,0.01204686362394064,0.005958458228993463,-0.0012412343333032538,0.023506072011207912,0.0024067400305654,-0.15,-4.21424788576985e-06,-0.0013115288191443,0.05293349857075702
1989-10-01,0.0019451938174548378,-0.006697592626384807,-0.007307960031468386,-0.04178638352989594,0.0023894322329276,-0.11,0.0050939532229463,0.0010902956335705,0.025700583108581032
1989-11-01,0.011229338435981312,-0.00441534101423896,0.0009970939188669314,-0.0169863851156542,-0.0008168594120121,0.0500000000000007,-0.00549339190409,-0.000813784330278,-0.012012156448003797
1989-12-01,0.0037067815274794136,-0.007201291770183499,0.011614352782849169,-0.0237182187592766,-0.0008072245453369,-0.0600000000000005,0.0046746137727771,-3.75497157545368e-05,0.06056538186499427
1990-01-01,-0.006069380509860917,0.009169684262127942,0.012726434562211009,-0.0057408057727971196,0.0062842469358921,0.0099999999999997,-0.0031779095314732,-0.001583201145344,0.08011561788464361
1990-02-01,-0.028284596802985312,0.020638837936646476,-0.01781325496906183,-0.003264796542204129,-0.0055424359209004,0.100000000000001,0.0002407476131356,-0.0006178469579314,-0.033358663497309315
1990-03-01,-0.004888484109771052,-0.01388015086214317,-0.011661784387746343,0.027497981112163172,0.000762648562766,0.16,0.0008622990592721,-0.0004853070478887,-0.08098541028299122
1990-04-01,0.01058896009220589,-0.013558716538781768,-0.010100312392303246,0.014927987715134372,-0.0023464497422782,-0.130000000000001,0.0014717630723026,0.0001757491271483,-0.1010648129046321
1990-05-01,-0.003420126868271478,0.009068630216055307,-0.010239638075471347,-0.0031604227579712374,-0.0007797102341688,-0.0299999999999994,-0.0080826420663298,-0.0039108131971108,-0.012558177598982034
1990-06-01,0.023342690939208988,-0.0014076310518337243,0.01662786417370965,0.004695157629344693,0.0046272379165026,-0.0099999999999997,0.0080634830694705,0.0043970217161781,-0.08601287466004015
1990-07-01,0.014949194841891805,-0.01375002248251514,0.01521074507621667,-0.012842662325205922,-0.0015693227377626,-0.11,-0.004097644112905,-0.0007296509586574,0.09965565106382668
1990-08-01,0.022447231818696678,-0.010617597299276776,0.03565321182419445,-0.01997745497446546,0.0037854890422739,-0.17,0.0052829143399062,0.0020575457052469,0.3921885649990773
1990-09-01,0.02007957844636124,0.011747674485603044,0.012708038093538376,-0.0008631939609056172,-0.0015781655934086,-0.0899999999999999,-0.0013873708186658,-0.0015335669142952,0.20459096626360562
1990-10-01,-0.030167958381266957,0.0014543779031515325,-0.015393612358059028,-0.0104132412146416,-4.61384798127185e-05,-0.19,-0.0058674040072501,-0.0024358887795177,0.072785530990918
1990-11-01,-0.0352060948695187,0.0029759166952395832,-0.00015690829708975285,-0.007810953022747591,-0.0045231374288734,-0.11,0.0030454919117817,-0.0004310930270641,-0.1086338410027956
1990-12-01,-0.003512436456917789,-0.002767086794270318,-0.025620119875327252,0.0058252208481228696,0.0014863898033104,-0.319999999999999,0.0004779811252664,0.0018038935335553,-0.16984175876208019
1991-01-01,0.01175273268506069,-0.0036538224059007862,-0.0016347719190492604,0.009713314031665199,-1.38815509469481e-05,-0.52,-0.0001308217663664,0.0020320713195189,-0.07812007032229484
1991-02-01,0.005387808928262572,-0.0009854020106087602,0.010766492482619072,-0.009019772563210515,-0.0029767438168493,-0.279999999999999,0.0034800110918551,0.0002490037956643,-0.20858496248165936
1991-03-01,-0.016002941653277286,0.0019570553385928058,-0.012240757219866172,0.047025895260920825,-0.0007421150618878,-0.0300000000000002,0.0007929082227802,0.0001547886886132,-0.028729068440860317
1991-04-01,0.010837031342141451,-0.003153637935752962,-0.008114100190155238,0.025531820159790053,0.0022230464879466,-0.26,-0.002067238291227,-0.0020958757330813,0.04567452354243384
1991-05-01,-0.006693567244334481,-0.003177168127961344,-0.004454384796295563,0.023501289156016902,0.0014710840521949,-0.19,0.0015055114328799,1.99855907609958e-05,0.019021020442284264
1991-06-01,-0.018843319117728463,-0.005196346633684623,-0.017229809993539957,0.02296798868057781,-0.0007486203103841,0.11,0.0025261992990817,-0.0005171005180404,-0.05022784339041886
1991-07-01,0.015338278508873815,0.004741640316701018,-0.016858039641541533,0.006775051849737368,-0.0014760022503983,0.0099999999999997,-0.0035608847980448,-0.0014065055017109,0.05820348970305966
1991-08-01,0.013883139624946028,-0.0036451130524944586,0.011774924287570987,-0.004006311141675933,0.0014630454419188,-0.25,0.0003138169478447,-0.0015800514148036,0.013460402810977268
1991-09-01,0.014396556068758753,-0.007181996643928323,0.011032940056242668,-0.013599421924706645,-8.5747298426142e-06,-0.11,-0.0026770888865099,0.000298008411681,0.009178586695988589
1991-10-01,-0.0014947154742916413,-0.007959870002773012,-0.029453850539414073,-7.753665878529326e-05,-0.0014651892277761,-0.23,0.0061582141058824,0.0015785784204123,0.05941463524754642
1991-11-01,-0.0074850723709815326,0.0019775576083604363,0.0008107736069099536,-0.014152890089068615,0.0029048538241145,-0.430000000000001,0.0013763283839241,5.70333147518198e-05,-0.03370859747202104
1991-12-01,-0.01973455278838493,0.014475400413477613,-0.019638499419142308,-0.009042846888157374,-0.0014650905337623,-0.489999999999999,-0.0003399264229644,0.0003830048614776,-0.14132148374059605
1992-01-01,-0.03116786852806691,0.00903311163755699,-0.019396287773760568,0.005998311725235572,-0.0021752254168685,-0.27,0.0042935303129132,0.0006765158177817,-0.03708965214432691
1992-02-01,0.005638581046406077,0.02171539795674962,-0.00031220882444737974,0.011614340045442262,0.001443520747947,0.04,0.001297665671947,0.0028794298385861,0.011640343074963866
1992-03-01,0.009085217765962217,0.008738736187547835,0.01123613493959974,0.023629053730112926,0.0014341640885042,0.2,-0.0037727371274165,-0.0043983540952758,-0.0047455928766053646
1992-04-01,0.004942767906734646,-0.0045411309393439125,-0.011959698721418999,-0.0016244957597089105,-0.0014466127765677,-0.29,-0.0048019107805989,-0.0023810420954877,0.06694708755592149
1992-05-01,-0.008607910634828742,0.009757587205507068,-0.011605742136443387,-0.010486385771232731,-4.63146053419905e-06,-0.12,-0.0003721341895799,0.0009110303241168,0.03640295178849717
1992-06-01,-0.00035125242298278403,-0.0025297659368084258,0.012755336338863277,-0.01434560346619529,0.0007094191435532,0.0300000000000002,-0.0032943616443228,-0.0012076031739987,0.06504482764251218
1992-07-01,-0.0140463966274742,-0.0030489311823844456,0.007511797992803548,-0.01795586171669261,-8.15164920631162e-06,-0.45,0.0055020790970701,0.0016785474828591,-0.02762231310584884
1992-08-01,-0.027595710006878604,-0.0013903679399258906,-0.010168213787565605,0.0018878883765323096,-0.0007180804806976,-0.0800000000000001,0.0013515558807633,0.0012953915371625,-0.020408871631207415
1992-09-01,-0.003092718132693184,0.026297104927404807,0.001030133700305691,0.014662367039480095,-4.53981531567393e-06,-0.22,0.003841091542025,0.0019351102891995,0.024989731680173488
1992-10-01,-0.01076721959437782,0.01850182255520172,-0.003137727547446567,0.031085301179385683,0.0021148727030402,-0.0500000000000003,0.0011863033087289,0.0005729455751808,-0.008721652714997585
1992-11-01,-0.03556099802370144,0.01761218528022168,-0.036762541572905816,0.03522163620937557,-0.0014243994314462,0.27,-0.0038808949461861,-0.0031624947080359,-0.06426193421836901
1992-12-01,-0.00014566601998189377,0.00396599074528467,-0.008231449764043663,0.005994028871352697,-0.0014124184136683,0.0900000000000003,-0.0028678412336384,-0.0013137420919662,-0.046800993439495286
1993-01-01,-0.024603216226038838,0.004267878132118291,-0.0058357737064689275,0.018834401969558545,0.0021010748169265,-0.22,-0.0036649873794898,-0.001111062682547,-0.01977171587286053
1993-02-01,0.014696157332656501,-0.013935022256610724,0.006477150606471471,0.01598021222081969,-0.0014089081527579,-0.0699999999999998,-0.0023480057408384,0.0002902289606581,0.054205497518784895
1993-03-01,0.03569161157085188,-0.010491382909768476,0.027203128962606682,0.018483863845503157,-0.0007019883851988,0.02,0.001725943056269,0.0005259205027616,0.011383443883437927
1993-04-01,0.005345305435928205,0.011941046992255289,0.01642214090012839,-0.002258259029999099,0.0020864621810989,-0.0800000000000001,0.004090799855728,0.0007031181494294,-0.003450829157732649
1993-05-01,-0.018382440378709786,0.006122360751597805,0.007142107275539211,0.0021854269013557026,-0.0007053308889179,0.0899999999999999,0.0084969123778035,0.0075937024631276,-0.014925650216675912
1993-06-01,-0.0344653892232229,0.007154758878534284,-0.006307632461547974,0.019352662975907986,-0.0020845386349259,0.11,-0.0087235112654431,-0.0058774517477235,-0.044064505598216286
1993-07-01,0.004373189943516487,0.002377252867436508,0.017472259242890087,0.03367462385193809,0.0006918008436853,-0.0299999999999998,0.0002034071196863,-0.0017152049918465,-0.06492274021702826
1993-08-01,-0.0007564035926944102,0.020114321214721537,0.006561095817766205,0.004231139877224344,0.0006889306264676,-0.02,1.46723069880395e-05,0.0011905838216552,0.006685261667236819
1993-09-01,-0.0386750740040005,0.010239759520648872,-0.0018795163015906668,0.013985607865563354,-0.0006937099301715,-0.0699999999999998,0.0002853409974532,0.0008102530436069,-0.028726278258396132
1993-10-01,0.014220656100329798,0.003636132861672803,0.0018630652803930392,-0.006171833342437427,0.0027491308730534,0.0699999999999998,-0.0010697635709835,-0.0005819643544331,0.03646967978139104
1993-11-01,0.0055067464619220075,-0.006698906364498103,-0.008605506255499606,-0.007240700675080092,-0.0013859073962603,0.0800000000000001,0.0018059753193364,0.0025663675010321,-0.088665637085656
1993-12-01,0.013427512170764211,0.01006419668383457,0.015302257414659404,0.0032037961245585667,-0.0006907996280087,-0.04,-0.0049529276973459,-0.0026018634740392,-0.1344779142285537
1994-01-01,0.03276931466519367,-0.010204630929525338,0.011291054839151493,0.009387419292072874,-0.0020526863177421,-0.0800000000000001,-0.0031118995827919,-0.0011520539328877,0.03452119436823331
1994-02-01,0.028369758588999372,0.018932429969446163,0.020630493524842586,0.012058507571545585,0.002730377122857,0.27,0.0023758368081177,0.0001150781032954,-0.01677328824482771
1994-03-01,-0.007338211342315659,0.01626479066600034,-0.005985340281710716,0.001892429474932511,-7.43466440056295e-06,0.25,-0.0008062015808407,0.0010349354707877,-0.0067888923336858475
1994-04-01,0.006698933249637606,0.013490942703687558,-0.003244676404257074,0.03420432571127652,-0.0020433637710723,0.18,-0.0024618763147517,-0.0009203731844102,0.11201408083791264
1994-05-01,0.012063797942432508,-0.0015437632287144676,0.024972789599589484,0.015446152564172033,0.0013563907977145,0.46,0.001049376506331,0.0023803908179118,0.08574179349634559
1994-06-01,0.011769979290420396,0.0020211642609785363,0.013166573200917187,-0.0007896785173830967,0.0006722244517805,0.0,-0.0002656314312545,-0.0059674800638642,0.06335000070542796
1994-07-01,0.001603154845744914,-0.000764091987836446,0.01580872159754798,0.010599644582734546,0.0006667670796467,0.19,0.0031306819294174,0.0057395695539153,0.030994216492964632
1994-08-01,0.00816048647893547,-0.003084228913877274,0.0009424142236891253,-0.02027454430394382,0.0006600141956534,0.15,-0.0048780660056726,-0.0032141975273063,-0.06732299779147954
1994-09-01,0.0025639309639596264,-0.017789748393414795,0.0029487220912335355,-0.011108845754435048,-0.002023576612494,0.14,0.001216114903487,0.0008317069625078,-0.05192346827910477
1994-10-01,-0.005574809606526898,-0.002769152730523361,0.009923510408653413,-0.004239340934569569,-0.0013418304461128,0.33,-0.0026061201560745,-0.0006312176394072,0.015354296528498512
1994-11-01,0.022837349809085083,0.010604404817775304,0.019424875244846207,-0.0046479958317471315,0.0020042302308303,0.34,0.002085317347598,0.0013484283914753,0.019559159427202655
1994-12-01,0.02481242335596434,0.01785676974576106,0.02596295037785762,0.01012221617466147,-0.0006731308281064,0.31,-0.0007821968398236,-0.0010613954707601,-0.05167201054432091
1995-01-01,-0.011953683784897973,0.017108579677986124,0.004568324405660851,-0.005940167388697848,0.0006606779932178,0.11,0.000781932557329,0.0019489304801236,0.05001042057466121
1995-02-01,-0.02645373341156998,-0.009052527117413334,-0.0089291745389935,0.006362522496412781,-7.06396464078551e-06,0.0599999999999996,-0.0040882204862349,-0.0024355901921175,0.028955860730136784
1995-03-01,-0.013803116449937869,0.0051322786671524345,0.01795344937416188,0.010695910876433956,-0.0006681836132438,-0.0399999999999991,0.0028698189504261,0.0010598867371314,-0.001616815226905377
1995-04-01,0.001527195551283056,-0.02262800045802349,0.03236146905486792,0.0006215696946534344,0.0019743032444674,-0.0800000000000001,0.0028750704539657,0.0019737078490518,0.07078917159273779
1995-05-01,-0.011589332018302922,-0.01119987261694494,0.00025543523748777774,0.014843188638059779,-0.0019860669123801,0.0199999999999996,-0.0057512593014958,0.0048015910717644,-0.008072697725111322
1995-06-01,-0.010468667897015616,0.012150656424885664,0.0031076727344076516,0.0014629653857269886,-3.89031641745419e-06,-0.2,0.0025255414018001,-0.0001348530484932,-0.06758266351879927
1995-07-01,0.011508283332973712,-0.011932237569460546,0.0069844597351655935,-0.006111316331450789,-0.000658968389489,-0.0499999999999998,0.0020964286283637,-0.0017848933376942,-0.06262526675902169
1995-08-01,0.018302222800068435,-0.004382746174626584,-0.02598280118250651,-7.494627982551627e-05,0.0006525184868495,-0.0199999999999996,-0.001222821992914,0.0008372301974635,0.0390431484526772
1995-09-01,0.01651430379136909,-0.003164932538730625,-0.0012322174897763105,0.00586106823650745,-0.0006568043560379,-0.12,-0.0028855078100091,-0.0023931764662279,0.01158633651037988
1995-10-01,0.004342993728310651,-0.003794160259261936,0.004441986999328851,-0.0031072035409147603,0.0013020746349914,0.0,-0.0011512692817552,-0.0005112479221303,-0.04487572915864213
1995-11-01,-0.015506348923185642,0.005596048687958044,-0.010284883547090617,-0.0007203783863936053,-0.0013071808463145,0.0800000000000001,0.0013064316564426,-0.0013349048460042,0.03162318843051226
1995-12-01,-0.0064849293347172265,0.011700826615989313,-0.003513843129658578,0.004276744328909121,-1.69321701548597e-06,-0.220000000000001,-0.003018945075337,0.0008512528069886,0.056200633345616424
1996-01-01,0.0015982950641840188,-0.00177864455735105,0.018283297776832796,-0.0059897257070327115,0.0038843264339032,-0.14,0.0022826126930013,0.0024082652168715,-0.00897340410274694
1996-02-01,0.018514742117832883,0.006092702521200033,0.019444778570527566,0.027263546597949384,-0.0032473573939597,-0.17,-0.0009063309437493,-0.0012535915721922,0.012121360532344916
1996-03-01,0.020685228717266357,-0.007019825821806103,0.008616387251115132,0.04884448323900559,0.0012832553598149,0.13,0.0081192322731134,0.0030279965254447,0.11094989474560313
1996-04-01,0.01837109726795158,-0.004707633812356338,0.0024017072136466866,0.06972419816352371,0.0006304812020561,-0.0099999999999997,-0.0017011030296121,-0.0039061585869415,0.09688588866685421
1996-05-01,0.01432021829123481,0.007376885995956262,0.004797542658314891,0.03725546103966382,-0.0019310953122735,0.0699999999999994,-0.0093642683244903,0.000288041174171,-0.10441533600333974
1996-06-01,-0.007279236895975066,-0.0025228071368419425,-0.013521786593800378,-0.0048211494176191305,-3.67933906009199e-06,0.0700000000000003,0.0062414185022357,0.0002583821275301,-0.036070272410253956
1996-07-01,-0.00186481017945625,0.0028746299810752385,0.01977971613455054,0.010149712794629062,-3.66526443151827e-06,0.0600000000000005,-0.0013488863724973,0.00044299252108,0.04219225997885978
1996-08-01,-0.008514182405265636,0.001830136080102629,-0.00205082286107644,0.02971884756648091,-0.0006395813395343,-0.100000000000001,-0.0072422572989152,-0.0020697749646654,0.027779564107075494
1996-09-01,0.01236762332647845,-0.0020833696635477184,0.011270258020031454,-0.005542954365661545,0.0019025393270881,0.04,0.0048421601429362,0.0006628882223616,0.09031641162383774
1996-10-01,-0.0012610161283049814,-0.013637804701245648,0.006168601437240018,0.016741011438693665,-1.00526093254061e-05,-0.0999999999999996,-0.0047106985717801,0.0026477982261905,0.037261219424685965
1996-11-01,0.006352589497144179,-0.00950469886230193,0.012823693769701994,0.016850525185188037,-9.98916575145614e-06,0.04,0.0075963151128162,0.0007379941147647,-0.048167367793664706
1996-12-01,-0.00028531653420413305,0.017850347240119024,-0.006711945836679167,0.006318922387896331,-0.0006382643874323,-0.12,-4.12276352967922e-06,0.0002797727350252,0.06213686257565243
1997-01-01,-0.0242074892602529,-0.00938129756425543,-0.00586651007114497,-0.010098311222391798,-0.0006334767990034,0.12,0.0019400354757239,-0.001991838730742,-0.0039714110974657935
1997-02-01,-0.012785528523886536,0.0045442330376258555,-0.014434369822109328,-0.04056965339340857,-3.54214752196214e-06,-0.0200000000000005,-0.0021297375875191,-0.0011347432624546,-0.12487136963327972
1997-03-01,0.02545548039744433,0.01238403360032303,0.010158502177629813,-0.005346873434598276,-0.0012543107536444,0.13,-0.003634717326685,0.0008198484052233,-0.05609813700839261
1997-04-01,-0.01122457549032918,0.015674884606574624,-0.008187248347428455,0.0022095678771059113,-3.91603473204327e-07,0.0200000000000005,-0.0021940298164491,0.0002172739487722,-0.062474209169885775
1997-05-01,-0.0046104600846768595,-0.009918119057610253,-0.0017833478638881184,0.005636404843061493,-0.0006255865077342,-0.11,0.0079569720657488,-0.000941820431894,0.055295427442880296
1997-06-01,-0.027302899717527362,0.0028006446349590486,-0.005570159529767749,0.007519351468496582,0.0018744147943508,-0.12,0.0022537248623155,0.0011685292365477,-0.0778836568168435
1997-07-01,-0.016358288419999256,-0.004880596599906195,-0.03880884460631301,0.013372712538370912,-0.0006267539961957,0.12,-0.0027226840659704,0.0002618732229837,0.02055570834904108
1997-08-01,-0.0021917380137672637,0.009394006320047055,-0.028961108286797266,0.026916083032813454,0.0012430005142967,0.0899999999999999,0.0097184772755669,0.0039289620735036,0.01464302861685196
1997-09-01,-0.023598187379745672,-0.0024275018949355687,-0.009493011195073953,0.0007324775898300828,-6.18798479035121e-06,-0.19,-0.0169979650568743,-0.0045417843613027,-0.007547205635382692
1997-10-01,-0.0046875341335221865,-0.0001855466065548983,-0.0007462382044398641,0.005422510268620728,-0.0006251607374778,0.0199999999999996,0.0066232187877748,0.0008614570773612,0.07443259478276953
1997-11-01,-0.03457392181000324,0.018514961854524892,-0.018041391678284946,0.026139844255388844,-0.0006216886698338,0.17,0.0061806220319953,0.0007991675176644,-0.05492710015851321
1997-12-01,-0.04920620123426439,0.010048762956405943,-0.0540243390164426,0.006426956638209802,-0.0006193858790188,0.0200000000000005,-0.0036549378014347,-0.0011218398426606,-0.09664837047313268
1998-01-01,-0.008021122730973218,0.009661105443787898,-0.020712327507750983,0.014489616711516717,0.000617092566661,-0.12,0.0002776640234403,0.0012626674030435,-0.09193345419505805
1998-02-01,0.026716615891536732,-0.005242560199635815,0.006209245019256682,-0.001607936312532976,-0.0012353306079919,0.0499999999999998,0.0019478085878752,0.0022685558966681,-0.04027389913793966
1998-03-01,-0.007047527513933782,-0.011812997477455844,-0.017748077427238274,0.008251790684901783,0.0,-0.0599999999999996,-0.0043673135951465,-0.0018366854118809,-0.06031333776722869
1998-04-01,-0.026202732820819974,0.009271908990729494,-0.03413069106118616,0.01423379526500912,0.001233806448929,-0.0800000000000001,0.0004638776341439,8.26604698325184e-05,0.015097103281819013
1998-05-01,-0.032840297473443913,0.010746059446943068,-0.02680371772596657,0.00923709939038786,0.0012292489834688,0.0499999999999998,0.0027838280956871,-0.0004472737769898,-0.029083345256558868
1998-06-01,-0.04317880094288712,0.01394112532048547,-0.0503239136001592,0.05692529543852953,-0.001233798977668,-0.0199999999999996,-0.0050104496647058,-0.0011086923371852,-0.08317750647890776
1998-07-01,0.022024216437358135,0.01448780719790188,0.011935933761047512,0.14439341313119503,0.0012247325068361,-0.0200000000000005,0.0014825743203656,-2.2168339038231e-05,0.03227243140484992
1998-08-01,-0.04837236831078734,0.03160409303784251,-0.03397223579616371,0.014548793025741968,-0.0012292490656697,-0.0599999999999996,0.0018593928877512,0.0012084879810085,-0.05066206328031653
1998-09-01,4.043393701735898e-05,-0.008425773232180744,0.006553860579045168,-0.03595576295748515,-0.0006129319844907,-0.29,0.0029670835301693,0.0032746841428004,0.10958321334261045
1998-10-01,0.0480578641001686,0.015269131556235993,0.03296246726584451,-0.05001893237738231,0.0018316875010704,-0.65,0.0019218536163156,0.0001950827453214,-0.03866198703426438
1998-11-01,0.027284258770401526,-0.003099236785655435,0.02404779495982745,-0.025851034252267757,-0.0012239830662146,0.45,0.0025290361303325,-0.0004321220698422,-0.10643685926908208
1998-12-01,-0.02671443952636865,0.0018666028680067726,-0.022248802482584207,0.04361259190896605,0.0006069721797734,-0.0200000000000005,-0.0080704850142767,-0.0022936609183759,-0.1357316135341251
1999-01-01,0.02207001175095269,-0.015562077600355051,0.03119679346645554,0.015132507139407947,-3.32996452012679e-06,-0.0499999999999998,0.0027357219818435,-0.0004072494639153,0.09810962174454074
1999-02-01,0.012438969801982391,-0.014384520569387882,0.0085297280838732,0.020083614969694352,-0.0018231545615146,0.100000000000001,-0.0041027931905697,-0.0010775472041064,-0.041587729580060184
1999-03-01,-0.014291262112294867,0.013151373985686887,-0.020694469012696115,0.016050321705667336,0.0006069802917769,0.0,0.0011845560412888,-0.0036296600422058,0.20074638709447745
1999-04-01,0.01752996118603367,-0.019609946435333148,0.01938397955893334,-0.015406728355819244,0.0060455994292505,-0.15,0.0046403712407121,0.0049410325133028,0.16479834600174836
1999-05-01,0.03190622252982933,-0.018303717622876303,0.01865360727486154,0.010127690532129252,-0.0060499885608829,0.21,-0.0025540808535407,-0.0009551894743058,0.023409575988816655
1999-06-01,-0.009903766402662662,0.005716506408615596,-0.03776252283142367,-0.015143648185879544,-0.0006025911601446,0.0700000000000003,-0.0056255305226429,-0.0006512405486205,0.011223462369849724
1999-07-01,-0.00017646914317909212,0.01322380650672006,-0.011968477303916591,0.004959672919204294,0.0042080014002046,-0.0200000000000005,0.0029937449328274,0.0011898176123352,0.11480240751824589
1999-08-01,-0.017833599005873946,0.0027816902043677483,-0.00045222867410765755,0.0019562901303649127,-0.0018113555556045,0.17,0.000727661392089,-0.0022525053503716,0.05704784940841323
1999-09-01,0.00757006595163312,-0.01086995660756368,-0.0054845540427573836,-0.012131423593310764,0.0017837125871578,-0.04,-0.0025503330033718,-0.0002770562078247,0.11191791620398561
1999-10-01,0.0022956362800847785,0.0003774502683177028,-0.01709310690703081,0.007669012872576486,-0.0023941120502941,0.180000000000001,0.0086417535184599,0.0016873732471705,-0.04776128188567874
1999-11-01,-0.018778948160798226,-0.006913346199381221,-0.003907225533856473,0.006441698482795077,-3.18498780771392e-06,0.21,0.0005023584984957,-0.0010673481474139,0.09695152607645019
1999-12-01,0.0033289873366793565,0.003251215782834993,-0.0067590990538241025,0.001290628305472552,0.0005894189599748,0.13,0.0036158387369837,0.001795106548208,0.04305948946044724
2000-01-01,0.02323132719745219,-0.016166214415813673,0.007851931354300623,-0.0031629996503415025,0.0005852266236017,0.12,-0.0103897117898493,0.0001362717051573,0.04348511193973881
2000-02-01,-0.044056556645567735,0.0018001184248572777,-0.04469293452583267,0.030526569337684162,0.0011684409339398,0.23,-0.0120148570390644,-0.0032361499781501,0.07455331894214234
2000-03-01,-0.029703635221354385,0.006568681501927465,-0.00029267643941877086,0.02292803199462856,0.0017389715412257,0.140000000000001,0.0111112366187029,0.003712999773441,0.01587603012503136
2000-04-01,-0.02216371524446853,0.00553042896609468,0.011810831113536535,0.027526422475099954,-0.0064500858335128,-0.0300000000000002,0.0082798889004562,0.0052778275279745,-0.14858087596614178
2000-05-01,-0.030087672178302327,0.01812183483462443,-0.052005685142857194,0.05499091316818405,0.0023388399672104,0.13,-0.016924697468248,-0.0143772894372294,0.11275920525466576
2000-06-01,0.028259507638162207,-0.012574858518596355,-0.0007822648413555733,-0.01566330676073191,0.0040702546998927,-0.0999999999999996,0.0075537376706593,0.0062979225562234,0.10006691828555647
2000-07-01,-0.013421110274829395,0.0005005671095951181,-0.023206181043350704,-0.0025426305589941745,-0.0029247351269861,0.27,0.0028997255047533,-5.58024812011837e-05,-0.06894797710098688
2000-08-01,-0.010566988550310463,0.003396643677083977,-0.03210575082362266,0.008641063950028283,-0.0028993931590024,0.13,-0.0038108847966418,0.0021673787711478,0.051192279184676615
2000-09-01,-0.05070093517369523,0.0024362830915528044,-0.06516965973838174,0.03162343950914637,0.0051978170736175,-0.0899999999999999,0.0025403991309653,0.001511692403973,0.08048554479052328
2000-10-01,-0.044759321906448934,0.017370897098803628,-0.04159915415763682,0.04222869107803362,-0.0034711979396302,0.11,-0.0004551864855848,-0.0040695609131518,-0.02298951822469908
2000-11-01,-0.011703467673990553,0.01974583072173891,-0.0026816217823002475,0.026182263789527482,-2.97607582222525e-06,0.0599999999999996,-0.0048407994972317,-0.0009730427570922,0.03880243922423876
2000-12-01,0.04633231861690423,-0.013550872397953051,0.07398563795743174,-0.00586854759182609,0.0005699359289339,-0.4,0.0022659085078347,0.0068162049269453,-0.1908411858483534
2001-01-01,0.015684889246171507,-0.012346958171699063,0.03325038535544367,0.017473938881435558,0.0034174588084159,-0.619999999999999,0.0108978473655137,0.0010827046362553,0.03963986147707832
2001-02-01,-0.03938733734865019,0.012142030658685132,-0.021989025659399086,0.005487739888903498,-0.0034357239583799,-0.27,-0.0033183802637735,-0.0024927349847256,0.0006756757013817172
2001-03-01,-0.059143537392090884,0.02414018604025031,-0.038218152474163714,0.009735335789450517,-0.0017072933731263,-0.46,0.002873215188428,0.0037112915763373,-0.08305862100424699
2001-04-01,-0.002995461654170861,-0.0006252142388848414,-0.027376461115975803,0.022580621932925204,0.0011341076065223,-0.55,4.13358018578336e-05,0.0011358817929938,0.008768781067901354
2001-05-01,0.035816760382358925,-0.010789169302230062,0.03587204529414356,-0.012383883912410631,0.0033869414369407,-0.25,-0.0053987800141372,-0.0129606344779134,0.04063281693286935
2001-06-01,-0.0035706659720042833,-0.010772526463972643,-0.0184022246077592,0.010052777352142606,-0.0028355474270283,-0.13,0.0052500374118951,0.0086859600503217,-0.036639346386919236
2001-07-01,-0.01782548636101411,0.004092777280033932,-0.0145019046941538,0.018423044893690843,-0.0039431873655706,0.0199999999999996,0.0043531185694538,-0.0025606824866741,-0.043316044106906926
2001-08-01,0.030380523241291812,0.005904991292294159,0.055389833644951425,0.01236676389939051,0.0016896652851272,-0.15,-0.0013407944604386,0.0007110759226307,0.03494779443639029
2001-09-01,-0.0407240753937016,0.018072702862515944,-0.03321665845414601,0.04287532775572522,0.0039381204201376,-0.72,0.0372515148442627,0.0145363809292984,-0.04368811228553682
2001-10-01,0.0011385230898773857,0.002381428437557842,-0.00806651006088499,0.06738650807101232,-0.0067494801576844,-0.48,-0.0808630170410902,-0.0231153189902162,-0.16701938713883102
2001-11-01,0.02412429529567861,0.013001594370645186,0.004407945809528191,0.0482158953638705,0.0022481380949477,-0.29,0.0382748658694094,0.010256812522929,-0.1211717207019003
2001-12-01,-0.005231167878851695,-0.008508408313915417,-0.0002164918703733143,0.18142285992944052,-3.17397392812779e-07,-0.18,0.0058282281269423,0.0016450679335022,-0.01281083367175917
2002-01-01,0.0061867244388169595,0.01318848013129037,0.02096342910198934,-0.0043213844617637776,0.0022532043251191,-0.04,-0.0040458107383338,-0.0060468700501683,0.01687587991992867
2002-02-01,-0.008264604385931462,-0.0020739476789466416,-0.013624473221010125,-0.011543953767304327,-2.85015364820396e-06,0.0700000000000001,-0.0064027247983791,0.0016084304636638,0.04946606821679289
2002-03-01,0.024625541360736358,-0.0054376732307229725,0.03425360490272755,-0.0005228566098893772,0.0011182357961292,0.0700000000000001,0.0023491843941609,-0.0032040956205605,0.16879744087911597
2002-04-01,0.018258586859702164,-0.003948279659376219,0.02166299529802229,-0.035727871342809525,0.0016667284637854,-0.0800000000000001,-0.0076429089694718,-0.0021288027281496,0.06509890221135572
2002-05-01,0.026887461702531534,-0.02001050859670639,0.040140177245508446,-0.08682542268300297,-0.0033569520741476,0.02,0.0073977449838915,0.0047323415778795,0.03232149069300938
2002-06-01,0.03279835659552899,-0.01188500548362903,0.05815261645130543,0.0022193857879466705,-0.0005578793774798,-0.03,0.0013376469716694,-0.0002385251380747,-0.05785479269817406
2002-07-01,-0.025590658081260154,0.00891020683435978,-0.015754899237999553,-0.007967866144321434,0.0016677470823447,-0.02,0.0014910173673667,0.0031477196679699,0.055262678675049415
2002-08-01,-0.02277117761247749,0.01532513179113909,-0.036822125175755005,0.04685006597700614,0.0005492318606146,-0.0599999999999998,-0.0149066143356755,-0.000129166320276,0.051311833333241186
2002-09-01,0.009465277299210095,0.004270681818058897,0.01427247198533621,0.0008386048445565564,-0.0011132566975851,0.0099999999999997,0.0176108233218288,-0.0032829763688457,0.043762366224906035
2002-10-01,0.006850227552067101,0.0011883357738998734,0.024343849919029825,-0.027832762522685517,0.0005492754656621,-0.0499999999999998,-0.0009698231825829,0.0036332751824552,-0.02803602429303753
2002-11-01,0.019832567328139317,-0.004163548808835127,0.03162802651516039,-0.06566018316331412,-0.0005556855547768,-0.35,-0.0019427032568453,0.0010157017935483,-0.09029503742937672
2002-12-01,0.002058236211236797,-0.007815349217066447,0.02677483992519536,-0.07563655165566807,-2.73205755263461e-06,-0.04,0.0040846737359823,-0.0052042335513782,0.11156513604711282
2003-01-01,0.035760564735080935,-0.01146309815439095,0.055330946426007,-0.028681812704259624,0.0027392583790169,-0.02,-0.0029231984067745,0.0019497683863622,0.1119578499140319
2003-02-01,0.021516972758926167,-0.019191248364382574,0.02583501308939662,-0.04819350569626524,0.0010707236080316,0.0,0.0030402225959598,0.0005498899744313,0.08379427036834608
2003-03-01,0.009894422848046758,-0.024140168433931075,-0.00042855420633358676,-0.02878799655631603,-0.0038288566016362,-0.04,-0.0079540854959727,-0.0027438675536508,-0.06694162956764327
2003-04-01,0.013981188977912229,-0.012184654907408943,-0.0035365788081771488,-0.04930153832075135,-0.0054463327941309,0.0,0.0077088552398212,0.0028539930921436,-0.17358631986093798
2003-05-01,0.058630512255021416,-0.05225902498111573,0.04233447562121517,-0.0003875097605705591,0.0021747825270352,-0.0599999999999998,0.0063311733587188,0.0037731318070708,-0.002132196969840461
2003-06-01,0.028108294942810086,-0.022985117224967877,0.010181451200657832,0.02557463155549211,0.0027317931268546,-0.15,-0.0053585695680862,-0.0039085065678055,0.08683348852522732
2003-07-01,-0.0067757824664838595,0.021635730652962204,0.008360172303936153,-0.04064583205767036,0.0021786442569711,-0.02,-0.004508120374993,0.0016167109316498,0.003256271193775362
2003-08-01,-0.013675597078507629,0.010207914514281269,-0.00587380920832814,-0.020255966015510385,0.0010739307188858,0.0499999999999999,0.0018275080883434,0.0017590961553892,0.025992157932456905
2003-09-01,0.01786388907669101,-0.02384479480096985,0.0022846149347457434,-0.012045138133252697,-0.0010987151606309,-0.01,-0.0062719355637304,-0.0140392042162407,-0.10899220344609217
2003-10-01,0.04608082680241554,-0.030742680242171416,0.029837741662358086,-0.04787991005317482,-0.0043278372852437,-0.0199999999999999,-0.0001544754118656,0.0028999285194792,0.06925187479657824
2003-11-01,0.029730194938026977,-0.006869499184891881,0.043107496951489244,-0.035647770627907915,0.0016217678716188,0.01,0.0005387660607141,0.0025024328791651,0.025062336989159384
2003-12-01,0.03203594965820539,-0.00022080821280834328,0.029236870579517182,-0.027617329875212926,0.0021583702839196,-0.03,0.0044492476522508,-0.0011855368110254,0.032260862218221664
2004-01-01,0.04322513191675442,-0.013034099224481621,0.04043605495623004,0.05972855566420776,0.0016043385908881,-0.02,-0.0056035690990503,0.0016454437451667,0.06564668374259108
2004-02-01,0.0067911704592405475,0.02600625702072701,0.026038079680820225,-0.027102967372214515,-0.0021586226199197,0.05,0.0118758773915895,0.0051405476180264,0.011014604111299953
2004-03-01,-0.03582034993239158,-0.000990400189344376,-0.04581070439774365,-0.02098203109516339,-4.59020776588659e-06,0.0099999999999999,-0.0062135097579325,-0.0006265004426602,0.05741461880532128
2004-04-01,-0.007129738076695147,0.010031322212784466,-0.0293545364080513,-0.005952094015428733,-0.0005380462080903,0.0,-0.0024282681861604,0.0007564072190966,0.0002721458718659697
2004-05-01,-0.05584140278821098,0.02711635492127895,-0.042120612366200294,0.03362204102934907,0.0026577208226807,0.0800000000000001,-0.0027058921064808,0.0056771290017909,0.09171684219151599
2004-06-01,-0.014647480015144931,-0.015361199431276562,0.021359463215568475,-0.05718564151500849,-0.0005473099907735,0.25,0.0066503602484147,-0.0119626785533598,-0.05747974591019345
2004-07-01,0.03191880703763167,-0.02636838595549107,0.028807520865229808,-0.04565830360286349,-0.0026543461992369,0.06,-0.008441501308094,0.001749909460246,0.069816443206141
2004-08-01,-0.00713078163775438,-0.007458714129705224,0.014414675377958874,0.052648458423972366,-0.0005295202035817,0.15,0.011434326284351,0.0021347035736223,0.09624602960189943
2004-09-01,-0.011669628468258975,-0.018904203729192104,0.005017995013546883,0.010499728032642652,0.0026375486046843,0.17,-0.0039817330574329,0.0011950531975948,0.022898402512743665
2004-10-01,0.0430483915532493,-0.03247602732996907,0.037482730976288625,-0.023765234242752564,0.0020886432803086,0.11,-0.0061833316414574,-0.0010946239959146,0.1482248289711814
2004-11-01,0.04878854165806035,-0.04106227916012126,0.023544764678939845,-0.05656781438001257,-0.0005489818009465,0.31,0.0088440955903434,-0.0001904070243909,-0.09461597637484909
2004-12-01,-0.0038070211449766633,0.01830828346676991,0.019751018471331483,-0.052250109836206704,-0.0047058910374122,0.12,-0.007388299928646,-0.0013082067281882,-0.11626263232784773
2005-01-01,-0.0008441651590777033,0.004871596501357073,-0.01187100341785613,0.04026747561246102,-0.0005217845148388,0.14,-0.0077980274516562,-0.0018567849898563,0.08205512120007974
2005-02-01,0.018586493366958418,0.012347682490816997,0.01272944905694634,0.006931427412596447,0.004688457209685,0.21,0.0094106609800057,0.0002786302016524,0.027583599514617863
2005-03-01,0.004509818183866976,-0.01956558713481546,0.02004962331310728,0.005439123361587583,-0.0005350214919834,0.2,-0.0030675083454179,0.000200041336102,0.11817525133388829
2005-04-01,-0.013999139886680195,0.01621121321044694,-0.012511725138119267,0.01872777748108323,-0.0005292702243808,0.0399999999999996,-0.0090140429640177,0.0006325744734745,-0.022581905734099017
2005-05-01,-0.009757803835799661,0.015757206755017128,-0.0025860230354436964,0.028836240251510326,-0.0036187765489552,0.06,0.0147391464584254,0.0005668741382081,-0.0612972715506106
2005-06-01,0.00046678242475639564,-0.012309655450075119,-0.015015342204610593,0.06321752145541337,0.0010327911409469,0.13,0.0046899745896054,0.0023761206604433,0.12296502819247213
2005-07-01,-0.018796416477392164,-0.014058712158141223,-0.04243691691143514,-0.006402350997759099,0.0056596405300908,0.25,-0.0183446131688036,-0.0001627497047227,0.04595520341993442
2005-08-01,0.011888876351496436,-0.015304244587011268,0.024298712430617264,-0.035988421319281594,-3.79094117786138e-05,0.22,0.0144828918761917,0.0001284549674274,0.09669596800053792
2005-09-01,0.0048673987534181284,-0.022336834013574974,0.0044818887284051034,-0.014614011090965828,0.0075364343313877,-0.02,-0.0058270105781899,0.0001264185530907,0.009189833399386949
2005-10-01,-0.015368368263667442,-0.00022585269344452263,-0.0005917216408730108,0.034223407436138276,-0.0121666441724964,0.29,-0.0021049131613457,-2.6147069359439e-05,-0.05210408029218261
2005-11-01,-0.024363516367894134,0.003501546630521657,-0.012456978290713627,0.010213632342553014,-0.0065431742133226,0.17,0.001233811557463,-0.0025749144511237,-0.06537407731305933
2005-12-01,0.009466940526776935,-0.017127030158428702,0.007225351873334007,-0.047291006367137456,0.0050352573656455,0.0100000000000002,-0.0010182663990043,0.0015349432243265,0.018517474667246958
2006-01-01,0.01098691840788757,-0.0037228256959539185,-0.010878662251469995,-0.0437932179306364,0.0060392735142436,0.35,0.0050855048069653,0.0022446444634294,0.09743489686231221
2006-02-01,-0.011736735041930901,-0.007172666416676854,-0.020016650767420097,0.0064506855019046405,-0.0055376432052547,0.19,-0.0045743125401553,-0.0026564748665372,-0.06074869425581042
2006-03-01,-0.02070662246947258,0.007296837758635655,-0.06014501608933609,0.020757579768752255,0.0010017525850427,0.0800000000000001,0.0042739575989818,-0.0014894311335194,0.017053180311725313
2006-04-01,0.014081634812415755,-0.011474547621852987,-0.01949755702010708,-0.026369249337715894,0.003491632486491,0.0899999999999999,-0.0047784268695698,0.0033799940031311,0.1022611250662182
2006-05-01,0.03601517410701893,-0.030270846680053184,0.014513175185789706,0.03739299752017411,-0.0020099385370686,0.12,0.0054920270856131,-0.0045406316933558,0.01996074256253788
2006-06-01,-0.031934907723146944,0.0033604682311487305,-0.019367244259173078,0.09958232349893326,-0.0005043015696912,0.0700000000000003,-0.0127325785119456,0.0045776125435281,0.0015515906914185251
2006-07-01,0.0172948392026257,0.0140140681142219,-0.0019376489069009573,0.013530519891471249,0.0029553636384971,0.16,0.0063591632390993,0.0005059532541604,0.047614937803118096
2006-08-01,0.013610366258856088,-0.0099944473759217,0.027214315922325705,-0.016907243024001595,-0.0010102649554042,0.0099999999999997,0.0021835659014417,-0.0015230060066926,-0.01858310512245609
2006-09-01,-0.010851085104606806,-0.0018735291917244684,0.03142682975824368,0.06895992479074087,-0.0093447230284518,-0.15,-0.0058462604398039,-0.0006246161540985,-0.13525404593596946
2006-10-01,-0.0005716979394747579,0.011064689056252491,0.01064485199930626,0.024337480904583764,0.0004711026733597,0.11,0.0101611828474688,0.0031316217011259,-0.08008189339426419
2006-11-01,0.024016545121118282,0.00648544525174001,0.010851516559433505,-0.05169773163802116,0.0049429184806495,0.0200000000000005,-0.0039501053593662,-0.0020086659363549,0.003221160706699422
2006-12-01,0.016667890231813365,0.015162517282834659,0.03524513058384682,-0.029560811694389955,0.0049355991027209,-0.0900000000000007,-0.0034334247020746,0.0010202810473067,0.047596557885488444
2007-01-01,-0.004047668419205952,0.019770496160466167,0.002001796624219343,0.02184161864543266,-0.0037728651289015,0.130000000000001,0.0067935507914596,-0.0006967671463105,-0.12810484447247816
2007-02-01,0.0004949938803155141,-0.0044924374044071624,-0.001886037763081272,-0.0019907669535055295,0.002212943077307,0.0499999999999998,-0.0100876369255118,-0.0031356956436781,0.08388780991164246
2007-03-01,0.012942917681735194,-0.002420012306440983,0.00875117052014468,0.024370188144716476,0.0013157983596601,-0.0899999999999999,0.008927267459418,0.0024952335449803,0.019379156416706955
2007-04-01,0.04216088342889254,-0.028809018778939238,0.04887606570201675,-0.034580504778467525,-0.0021904780112009,-0.0700000000000003,0.0058158725338914,0.005322870865795,0.05691939711683336
2007-05-01,-0.002306020613112525,-0.03578683326263786,-0.0014886282541482498,-0.012446577019634697,0.001128307174925,-0.14,-0.0062781582877802,-0.0081454461183749,-0.008160748366322856
2007-06-01,0.020302633305558454,-0.027760068749839537,0.03167292485623063,0.019302442510871876,-0.0018104044774647,-0.12,-0.0113417410821084,0.0026481031646437,0.06156965260026581
2007-07-01,0.02959837340321761,-0.014106143031322557,0.037724486125584544,-0.025271864510069353,-0.000535059712778,0.21,0.0118671919027307,-0.0003349674212227,0.09370596266184439
2007-08-01,-0.04547659704844237,0.007273582196715221,-0.07971442026671632,0.03416280285238926,-0.0014707792665626,-0.62,0.000647254181942,0.0061133345605757,-0.024031740890064768
2007-09-01,0.020305272748897096,-0.029846997366585803,-0.009887848153148249,-0.016010691687679435,0.0039203670453202,-0.31,-0.0037110394388015,-0.0078861687448927,0.09937247381320358
2007-10-01,0.06129172743803192,-0.05128786746337734,0.05616471811903595,-0.04955636011040898,-0.0011501058443395,0.0099999999999997,0.003121976048777,-0.000423274879127,0.07099287215361816
2007-11-01,-0.0038329711094141072,-0.008416329965742625,0.003638550096237758,-0.0078118477819493215,0.0047496696817743,-0.63,-0.0082108054622107,0.0013921408808936,0.09943389698818716
2007-12-01,-0.027432518691294525,0.035378453823044206,0.007674305555303851,0.01960894888899012,-0.0049343406799247,-0.27,0.0066905470533251,0.0006298781497111,-0.03303958142029462
2008-01-01,0.011934642381665417,0.007825891664345908,0.006502858454277838,0.02292669539552672,0.0005479519642248,-0.25,0.0019603537426213,0.0004226800666575,0.013863538405957776
2008-02-01,0.03443443322110279,-0.011339797185667714,0.029231765136228466,0.0903575917223931,-0.0010268667297195,-0.63,-0.0011681546906814,0.0069611993490728,0.02569689068934977
2008-03-01,0.009654029399385117,0.004384580434840175,0.004315334158511014,0.04272345509327824,0.001156733255291,-0.86,0.0040368753081914,-0.0027985979926548,0.1002631557676672
2008-04-01,0.009492455783244397,0.010686403923548074,-0.013440047057680898,-0.02966151825998331,-0.001259934927237,0.03,-0.0040523686972804,-0.0031164169006405,0.06542717311109669
2008-05-01,0.01948298223171232,-0.01432041922438196,-0.015288889833831337,-0.01964330703541739,0.0035883451026155,0.44,-0.0005060076777283,-0.0038804506675393,0.10784454816293998
2008-06-01,0.001994628197192233,0.01718262638125419,-0.02096300097598991,0.04235780561180569,0.0045236667290424,0.13,0.0065693920224232,0.0007724010666496,0.06543524814430501
2008-07-01,0.011346864011454079,-0.003606818849382361,-0.00924435068589996,-0.041850465092611255,-0.0033076534036613,-0.23,0.0036728937439951,0.0036717307456424,-0.0038166557088219477
2008-08-01,-0.0873881089992247,0.03919694506395187,-0.06210948023219326,0.007026852001455808,-0.0086056500018001,0.0900000000000001,-0.0213658439382636,-0.0042172995486886,-0.13377778379853744
2008-09-01,-0.07617457505084615,0.004496578771762794,-0.050983736466297114,0.05213776874316656,0.0023443109079686,-0.59,0.0477485198426422,0.0066237689054826,-0.11390140434910467
2008-10-01,-0.17316190681545873,0.11291188969098476,-0.10343238141276656,0.1915250862908433,-0.0094903426992312,-0.46,-0.0300225927540998,0.0044402135863066,-0.30672041595793154
2008-11-01,-0.04139467034931904,0.026980674130398924,-0.07035271150986366,0.03330605398850084,-0.0092284776932603,-0.48,0.0192685403236483,-0.0064243881980932,-0.29025248796508407
2008-12-01,0.019262975927436143,0.01354768437652043,-0.011933475338398614,-0.01882369632795733,0.0095964890387367,-0.16,0.0286069091477055,0.0153845519107705,-0.33198050741673635
2009-01-01,0.005212307420512652,-0.007220205255552975,-0.01554765194757779,-0.001525678496118843,0.0107951793863483,0.1,-0.0677843221575101,-0.0116741278457937,0.014246287061944418
2009-02-01,-0.037730287871101775,0.0165022651606955,-0.06564281540584904,0.0070185849613007,0.0011084678991784,0.17,0.0019652917820431,-0.0065733917382502,-0.06487422840399049
2009-03-01,0.024530598191011888,0.015395006101260406,0.0334580177183782,-0.0023859495884077653,-0.004623812772718,-0.09,0.0173426572784496,0.0043844474091816,0.20408354920137484
2009-04-01,0.07129646596157069,-0.03241844836185806,0.07118720341416451,-0.10466804318905698,0.0019943462934701,-0.05,0.0130612578918381,-0.0074729552866283,0.035048161484943385
2009-05-01,0.06617546308712374,-0.060091963503560136,0.04842779980413392,-0.06811747860641582,0.0004638365804501,0.02,-0.0168447992314862,0.0063398677919632,0.17304739876141628
2009-06-01,0.048094836539063296,-0.023194402036068734,0.060131953110691194,-0.04155729132114283,0.0067949475227937,0.0,0.0215584289393069,-0.0057054764362813,0.16529332564739008
2009-07-01,0.002976437114932423,-0.0031065754535840456,0.009024541015588583,-0.011096651490939191,-0.0085633697105969,0.0,-0.0229846578393875,-0.0006982937780612,-0.0821150238383428
2009-08-01,0.03716231306327464,-0.03223915332044805,0.04869226231891932,-0.0004972265354274974,0.003640869646035,-0.0099999999999999,-0.0037329353372035,-0.0005554507280471,0.10215976348146416
2009-09-01,0.03165035973763128,-0.005163976135679038,0.04063194669097964,-0.056752930401910984,-0.001413834324043,-0.05,0.0044523503796387,-0.0001063606972167,-0.023352905191616813
2009-10-01,0.05031857835388173,-0.02524285551811565,0.04707830790156897,-0.002057294907249929,0.001068409531749,-0.05,0.00471128702533,0.0032687785284775,0.08701137698962924
2009-11-01,0.014202029503838864,0.004374521263050463,-0.01153021680126004,0.0029993903683696033,0.0003455615463456,-0.02,-0.0045046388110971,0.0003192073828071,0.02953828700128458
2009-12-01,-0.019283459942054604,-0.005309160640802148,-0.01835988458463994,-0.0033133702703076473,-0.0028229553901333,0.0,0.0026519400587234,-0.0039862838501072,-0.046184253619852456
2010-01-01,0.011689083006514084,-0.009421167193307746,0.013149073937446909,-0.0028958386036070927,0.0001284807210488,0.01,-0.016555965396722,-0.0034975043685925,0.05053431165659372
2010-02-01,-0.03002841934497537,0.012755875699767195,-0.040820183006454513,0.027078713731274906,-0.0016007517525915,0.05,0.0256264702476408,0.0098948368664331,-0.025078873825878922
2010-03-01,0.029563231965759204,-0.032992130005146,0.009001826575284644,-0.034795862022274804,0.0012835431226418,0.04,-0.0077832846078864,-0.0062793217968497,0.061063449614363385
2010-04-01,0.015106303819287473,-0.017446159953509947,0.012161522444007367,-0.008311537821654502,-0.0001012991680209,0.01,-0.0146572898250072,0.0041112012146982,0.037347986841758996
2010-05-01,-0.06108504488515855,0.03429433715909775,-0.019558053349429505,0.04095478612489978,-0.0007499212424511,0.0,0.014076027755876,0.0026501644257681,-0.13371784120339303
2010-06-01,-0.020145227303798724,-0.0025576502123588474,-0.00831491084589131,-0.00207221447009287,0.0001010242868471,-0.04,0.0059819826017415,-0.0040994877909117,0.021465809457897223
2010-07-01,0.02844556808506349,0.004429020178338794,0.03113774217464549,-0.015099279618549843,0.0022863915390862,0.04,-0.016892652593004,-0.0008957588156999,0.01292382487613608
2010-08-01,0.024507673694048715,-0.0017603920185823851,0.000665301062660939,-0.03153399010888114,-0.0004072119341191,0.0,0.0186241468401622,0.0042661500856251,0.0036620496065138397
2010-09-01,0.04292912958257611,-0.00717518439457665,0.019163068440475495,-0.02469739291201556,0.0001536495834182,-0.01,-0.0042677911808866,-0.0020476509836395,-0.017914072313715224
2010-10-01,0.043659681471202166,-0.01468401976307616,0.0313314797951334,-0.028714005404596676,0.001861852391138,-0.02,-0.0019499792080912,0.0021453141231191,0.08469387884926682
2010-11-01,0.007200609593731864,-0.004924177765542784,0.02651864377997115,0.009535780022252638,-0.0009451618425613,0.01,0.0185954972088922,-0.0033376153853925,0.02841168595037402
2010-12-01,0.0040615001136364865,-0.004787922492895785,-0.02773796894958508,-0.02192033104564528,0.0014778945796152,0.0,-0.021801803321841,0.0015370864478185,0.05653177507667895
2011-01-01,0.003258302749186322,-0.014102987066104454,0.019115656317700735,0.01458514572476921,-0.0007707365580431,0.0099999999999999,0.0023577524715428,-0.0009638341518769,0.00022431583763804497
2011-02-01,0.012269319396486109,-0.006366811675192593,-0.004759752204576362,0.03693140111277393,-2.84756293806865e-05,-0.02,0.0058343129295641,0.0043202427222848,-0.006638561651735486
2011-03-01,0.0028290420921873328,-0.01127797866034869,-0.026208554012543572,-0.04073563876920239,0.0019508921342312,-0.03,0.0010964910323139,-0.0007317421100268,0.1494627418517176
2011-04-01,0.04590875248174165,-0.019239012793061016,0.06148865080279145,-0.025960036186649882,-0.0004770953366008,-0.04,-0.0137218416797085,0.0005557629933061,0.06282964398888513
2011-05-01,0.008165321666869008,0.010478290199277963,0.00826669451919515,0.01984174819186668,-0.001506452257936,-0.02,0.0230682191368228,0.0009500913102442,-0.0820685569760915
2011-06-01,-0.005477859246604377,0.00884733400727887,0.024522526805431516,-0.010220048086881262,-0.0031766637911196,0.0,-0.0122002666176577,0.0001105502071645,-0.0470770634846005
2011-07-01,0.015330621451659823,-0.022082565185259175,0.03886088731282139,0.00019015023834945133,0.0026166105186638,0.0,0.0052849028788664,0.0093751459268354,0.010746125316996036
2011-08-01,-0.026232686310351742,0.02725349138177991,-0.01201607624154441,0.04324339426391788,0.0005328867702472,-0.02,0.0415556337116687,0.0022939206638703,-0.1196218269445275
2011-09-01,-0.027159611326847074,0.020957538772497772,-0.03146969084626611,0.0668259695499418,-0.0009803038330273,-0.01,-0.0557695865408592,-0.0176452477230118,-0.009426895530642021
2011-10-01,-0.005139616226410331,0.017109649440331203,-0.025807441195625586,0.048570172176253035,-0.0014942137789084,0.01,0.0017292143871419,0.0012900002415552,0.009311054233089422
2011-11-01,-0.005532722181762758,0.0048470299903269135,-0.02542751221482681,0.024258434832357345,0.0011711652035195,-0.01,0.0208962501526395,0.0019826289201265,0.11829778318409279
2011-12-01,0.000990116217720563,-0.0012021709337067393,-0.0019001456315690946,0.005387813229169591,-0.0016084646385259,0.0,-0.032453044235945,-0.000514454873679,0.014306395651238368
2012-01-01,0.02856393325185935,-0.010349971041092235,0.040230414539031756,-0.023567171506711393,0.0024828119152928,0.02,0.0242271709881532,0.0026750152817545,0.01720104775062392
2012-02-01,0.029978340658984207,-0.016161726690685337,0.04082149544964944,-0.046514362627271044,-0.0005853271203939,0.06,-0.0140845516235011,-0.002246338373121,0.019065130233769878
2012-03-01,-0.019385182678703906,-0.0029864340273262125,-0.017828909596016213,-0.0041573903032809945,-4.38829054694168e-05,-0.01,0.0067250593978931,-0.0008499875652301,0.03801571225434852
2012-04-01,-0.016844311338608794,-0.0009553201201245908,-0.0026376736230946662,0.02925921793360242,-0.0004318713653237,0.0,-0.0050178214745182,0.0009594868013476,-0.027116421796312906
2012-05-01,-0.03636248565203043,0.01688683222578591,-0.05421074289873298,0.03975062328305645,-0.0037297325363567,0.01,0.0043176278989696,-0.0010439045144874,-0.08753944374953804
2012-06-01,0.0005220965329361545,0.017930397990877332,0.007501091364198104,0.02797617399111907,0.0012436169727081,0.0,-0.0001616830230428,0.0026285065732185,-0.1399204167950776
2012-07-01,0.031039394796121503,-0.013515042654191765,0.022772252202676146,-0.015431673457892536,0.0011154730280749,0.01,0.0088317679050682,-0.0017648034957265,0.0658286970081079
2012-08-01,0.016768133650540817,-0.021746676187303825,0.014691593602513597,0.0007482617494769528,0.0055039495126223,0.0,-0.0005063097621365,0.0017679198921065,0.0684770008679969
2012-09-01,-0.006580754857984185,-0.014292355710231765,0.011594360446848778,-0.0002668900445765843,-0.0010327978796649,0.01,-0.0029866639508444,0.0008705264871373,0.004028843447835939
2012-10-01,-0.010463115401953372,0.009010236720217035,-0.00020427161191727272,0.045572100607415233,-0.002066755109058,-0.01,5.84530381919635e-05,-0.0014406784435578,-0.05457876181219756
2012-11-01,0.010324015228106793,0.009894071054704513,-0.0002650900295642633,0.01800359577041144,-0.0043739209284776,-0.01,-0.0050325151478247,0.0002673756996713,-0.0336357125761193
2012-12-01,0.005831395284053846,-0.007197570822416573,0.014145792751943637,-0.021577358484703435,0.001559667238431,-0.02,-0.0010485486768194,0.0049943471631817,0.015253463928985411
2013-01-01,0.0033099921458352513,0.002257600896591919,0.007028567977252098,0.021386608567021792,0.0020999187021262,0.0,-0.0010649522517018,-0.0094376414833696,0.07560274074295137
2013-02-01,-0.01831143947951285,0.017711224751541355,0.0016959579157221072,0.00892544279565577,0.0034364080824751,0.03,-0.0096755832312265,-0.0004420718598865,0.005787357658950221
2013-03-01,0.003444164529825631,0.01439366240027733,-0.012052048629774437,0.0349915267125005,-0.0082311178229073,-0.01,0.0059184143989092,0.0034891564155792,-0.025180613292702603
2013-04-01,0.003390255400255046,-0.005629785315861471,0.023211029073572448,-0.010061539416314602,0.0007257178396118,-0.03,0.0084923287782743,-0.0027387082801997,-0.009948178929509943
2013-05-01,-0.04545524557118746,0.0008697378623281453,-0.027429651387288534,0.026960783333312754,0.0025042318851289,-0.02,-0.0038306075662388,0.000679216014122,0.02669970427964241
2013-06-01,-0.04953921765030923,0.011546832606093321,-0.04282403675887764,0.06727897814111206,0.0019635097711665,0.01,-0.008627514551442,0.0020843203614546,0.013243834526563525
2013-07-01,-0.030603166418736144,0.00850900900326633,-0.0022979243874340916,-0.008711676399624668,-0.000422040534759,-0.01,0.0094777698403998,-0.001674819624533,0.08886306033326452
2013-08-01,-0.013018121615684233,0.00048492262939534014,0.003877668595177741,0.015756022802250857,0.0004289066441751,0.0,-0.0048574034957606,0.0017378187279604,0.01798950236607233
2013-09-01,0.029055281887082035,-0.006249011276407,0.03067097584187614,-0.010897228465663211,-0.0020075719652394,-0.02,0.0098094206174783,0.0001917442122447,-0.0026308386873745704
2013-10-01,0.022899745359537343,0.001977109126174499,0.022072576468045668,-0.006414382836986032,0.0001582141973583,0.03,0.0040280562820678,0.005765361873431,-0.05561554928106105
2013-11-01,-0.020622104254193016,0.011856962022014618,-0.010293572246305421,0.03015476717215737,0.0013077025820873,0.02,-0.0144506639754978,-0.0105324316699864,-0.06875134789815807
2013-12-01,-0.037567035686812716,0.014463210821019215,-0.004296621759725006,0.0162743162420802,0.0007978890477886,0.0,0.0100885989113086,0.0050026941204084,0.039380512871308504
2014-01-01,-0.0137587827803195,0.027890104494878408,0.00622831993513287,0.04883637486657788,-0.0002194377757911,-0.03,0.0019585746711126,0.0005231579998561,-0.03131595303457768
2014-02-01,0.012990461262521735,0.010395940758662722,0.002563462957076268,0.005801040427793502,-0.0013210685098741,0.01,-0.0090381393231311,-0.0004600201883224,0.06346787845148238
2014-03-01,0.012785543035324975,0.004727947627814616,0.02879584052520398,-0.018996115059430885,0.0009397999325484,0.0,0.000868853998452,-0.0027197412102282,-0.00019839301721624736
2014-04-01,0.024550994008243038,-0.010382384912089829,0.00782160111964511,-0.01955942010932299,-0.0001775229726863,-0.02,0.0021424518260948,0.0008148184410678,0.012520496778138934
2014-05-01,-0.0011101756810234648,-0.008976940426263194,-5.5585730880408635e-05,-0.01214310135204677,3.8747314177634e-05,0.0,-0.0048544572349955,0.0017487969216158,0.001077111487244764
2014-06-01,0.006468387250454219,-0.005843829444538276,0.0018575548648256945,0.02536341661326702,-0.0005809372029439,0.01,0.0071751643681441,-0.0008923633899531,0.03472003309603089
2014-07-01,0.002506200154676924,-0.008456330676318652,0.007576565934069357,-0.0017783097161507833,-0.0001954078760455,-0.01,-0.0042204870455604,-5.84638694114403e-05,-0.02101519692867182
2014-08-01,-0.008508977306795423,0.01727687239952244,-0.02923431332505394,0.0005233367440053982,-0.0012848665517113,0.0,-0.0248589840628153,-0.002685562395909,-0.0704833698376639
2014-09-01,-0.029122502361337496,0.007675747623892282,-0.036580893476427456,0.030252959215459896,0.0002316025912474,-0.01,0.0440911049847408,0.00151588844761,-0.03510241815928161
2014-10-01,-0.029268936483851524,0.0180925661021218,-0.03217443533958625,0.006224418956374045,-0.0002695219330695,0.0,-0.0196887888038599,0.0027682107062414,-0.09928761047115398
2014-11-01,-0.015713254209099387,0.01010291825235242,-0.005341644380582711,0.002769298805025855,-0.0016865010937596,0.0,-0.0038579729295165,-0.0028646235434433,-0.10760104377797397
2014-12-01,-0.04584514352782662,0.01804573510397954,-0.008789292972432944,0.03608288040554308,-0.0012049420735822,0.01,0.0200416373731294,0.0036040059025062,-0.24552570010466113
2015-01-01,-0.023660414552510972,0.04992098917303692,-0.01782762906790153,0.004785320610507959,-0.0033013168343627,0.0,-0.0226327706401452,0.0003051786565091,-0.2276231260619097
2015-02-01,-0.03362051307005659,0.030639117931122534,-0.023091513919009155,0.002132909327511978,0.0089221303809852,-0.01,0.0231025692247266,0.0024642936680887,0.06873870958445227
2015-03-01,-0.009454624738899214,0.009496730169961803,0.0007500626740573058,0.043195265825732854,0.0001588927080833,0.01,-0.0313551160966483,-0.0101053473291604,-0.05611227921164019
2015-04-01,0.002092899605210863,-0.02256144278492181,0.01809053296366875,-0.00938229095834453,-0.0016483937041993,-0.01,0.0085800272685183,0.003049460795804,0.1298388873487908
2015-05-01,0.01933246378073017,-0.013088487256543518,-0.02847401797356497,-0.00029021788467797904,0.0022503838116714,0.0,-0.0085067644508711,-0.0005170785064709,0.08482042642077703
2015-06-01,-0.022538264019865473,0.015366572810582374,-0.05533618487308023,0.026318647033583442,-0.0005282225323384,0.0,0.0201162233371104,0.0010430631430562,0.009236777402055196
2015-07-01,-0.04070981414981212,0.03949934937005928,-0.049165692606456646,0.013648604164995692,-0.0011790342677207,0.01,-0.0054698052789685,0.000253818336656,-0.1614771296453248
2015-08-01,-0.015259690349049171,0.0218461315123053,-0.015316414858958072,0.034783353744569645,-0.0015892639933374,0.04,-0.0134711630547457,8.59051499126906e-05,-0.17169064294659142
2015-09-01,-0.032959334615292046,0.008978306993123075,-0.032575351847543677,0.05559259571267772,-0.0022459160459291,-0.05,0.0147806755818589,0.0013753765122324,0.05910038827244968
2015-10-01,0.01986466420604449,-0.014699260685197724,0.05431744941204847,-0.010760727777966217,0.0032391099373185,0.0,-0.0145746912276437,-0.0008925397815016,0.016139935963899177
2015-11-01,-0.007553969503849733,0.01565741560229139,-0.020967846424412573,0.04719861193188013,0.0002049117013047,0.1,0.0251858055383334,0.0032759474796719,-0.08532129110045217
2015-12-01,0.014046281759240276,0.03216297272734775,0.02911025474387513,0.058853698459597314,-0.0022700367528676,0.11,-0.0085279906243922,-0.0017412590230634,-0.1320514058088036
2016-01-01,-0.0331861200945342,0.035501454525471876,-0.03215831426889426,0.08448860170454209,0.0006175835690642,0.03,-0.0095196187338526,0.0053624932235472,-0.16035434099075374
2016-02-01,0.01750086014951774,-0.029368665699707253,0.014989548340535674,-0.035083932291962494,-0.000872011445784,0.05,0.0108995654311634,-0.0052993289444867,-0.04387800617205384
2016-03-01,0.05057879722870734,-0.04222975443902932,0.016815202587699474,-0.02459929355117918,0.0044604531351639,-0.02,-0.0068084798643575,-0.0018027207846618,0.21386581743597244
2016-04-01,0.021034096871159702,-0.031352596746646755,0.02150274408320285,-0.05289843878064815,0.0006934339142823,-0.06,0.0085834766768879,0.0022334809749402,0.08178246147672796
2016-05-01,-0.04617745292526193,0.00987010629941304,-0.01247261314591147,0.0494176913739337,-0.0014620211320552,0.04,-0.0017064995079021,-0.0009369120018902,0.13650243482714508
2016-06-01,0.01127696333085193,-0.003966072230873807,0.03386059277437148,-0.01815107849220743,0.0004108056428799,0.0,-0.0097960049912426,-0.000572214689706,0.04295203009905402
2016-07-01,0.017128679793835866,0.012202582055165279,0.012835593789735589,-0.044639034145368406,-0.0032759390773478,0.03,-0.0018089601117097,-0.0005023008534372,-0.08805599729056279
2016-08-01,0.013154649903102833,-0.0041860747874413184,0.014355686901279086,-0.043321801115483005,0.0023513417234983,0.0,0.0209499961936395,0.0023010666996548,0.0015665215243356734
2016-09-01,-0.004940999629513776,0.008422447157410085,0.010581973782624876,0.017521431504535556,0.0007722611045837,-0.01,-0.0180424947697944,-0.0018481477722112,0.010233682193013571
2016-10-01,0.003091575920462386,0.01086468142007807,-0.022025492632336663,-0.00709425501658334,-0.0002798275010134,0.04,0.0008567030577975,0.0009230926914014,0.09695878589958884
2016-11-01,-0.010959954421900286,0.013730724506057612,-6.9902451128589504e-06,-0.0010596360513397407,-0.0011616943801131,0.12,0.0009658726135128,2.18493421222377e-05,-0.0863906558377967
2016-12-01,-0.02497748481793588,-0.007093617778919203,-0.016105426403420164,-0.005389588692631175,0.0013430876020397,0.06,-0.0053514103519862,-0.0022405052559193,0.12944398791870126
2017-01-01,0.0160742616074383,-0.011774241551992859,0.013207997132630989,-0.02140979542063004,0.0015135845179763,0.0,0.0167917975129033,0.0023103810073994,0.010146540577227636
2017-02-01,0.026350363158333445,-0.005621051248940578,0.013530657271471014,-0.02648946391770357,-0.0024435350003608,0.01,-0.0126969674328947,-0.0006368579202362,0.018307579363062043
2017-03-01,-0.005458798650015362,0.02097302490230385,-0.0313950154157247,-0.020697131606215446,-0.0020587012221717,0.22,0.0096904821029539,-0.0005158934579672,-0.08058833371499352
2017-04-01,-0.011729465679470918,0.003731730151279755,-0.005212963170641682,0.04023312961050207,0.0017007026800346,0.06,-0.0134475952235533,-0.0003831571218331,0.03446899656769098
2017-05-01,-0.012923284621816578,0.012475010134216757,-0.003356639564124353,-0.013982981638936742,-0.0020076695167965,0.09,0.0185748552727283,-0.000260493230737,-0.051850070052278596
2017-06-01,0.016722665959557625,-0.023113059207789888,0.040424829025181075,-0.02841495217685619,0.0014256940796917,0.09,-0.0160307398825505,-0.0022800246895524,-0.07049683072120194
2017-07-01,0.03183579383102211,-0.04653196576935892,0.01718403402033425,0.019813342568242298,-0.0003238201380506,0.0900000000000001,0.0036978430330965,0.0025813054631118,0.031589599780372346
2017-08-01,0.013714193761718757,-0.006538408550797764,-0.007543767667035184,0.004894047522673972,0.0035136428427833,-0.06,0.004048824042302,0.0001503762183379,0.029789886391553555
2017-09-01,0.007432878790074732,-0.02643726755436826,-0.005988627387559009,-0.0034217898111563727,0.0012521573773192,0.02,-0.014808974844355,-0.0007676699638086,0.03638251262225145
2017-10-01,-0.023552309718072678,0.02637453483154753,-0.030559630572975005,0.039290801391481445,-0.0043186444789826,0.04,0.0159992370665449,0.0007189688558479,0.03471749061916407
2017-11-01,-0.021879003424347343,0.013116308396879217,-0.02216992677456786,0.024894694209777857,0.0018897025671949,0.16,-0.0059978661423763,-0.0018950556600234,0.0935814489322655
2017-12-01,0.003746475690857065,-0.0003641054693239998,0.01154329594050163,-0.07012576781452085,-0.0005597817481461,0.0900000000000001,-0.0078827562609138,0.0018088808349059,0.02165645237781888
2018-01-01,0.03940870331240301,-0.026960580724498723,0.041690922647915296,-0.07094646720307285,0.0021396515956544,0.0899999999999999,0.015768361847007,-0.0034552539484824,0.09581266081483442
2018-02-01,-0.0112559098487868,0.012724420386491936,0.005776597784446114,-0.03110920787835436,-0.0015556545756503,0.16,-0.0230566966099683,0.0019012604906834,-0.023347363996991
2018-03-01,-0.013704540800672016,0.026986334214494506,-0.006438441956830021,0.0017393827379312832,-0.0024963259746719,0.13,0.0224228446168198,0.0013721397973238,0.008002603527525132
2018-04-01,-0.009821374866176291,-0.01565844952965137,-0.0018985227677366656,0.02209029658278805,0.0024086771545697,0.06,-0.0133106061511388,-0.0027510914980801,0.0545956627576798
2018-05-01,-0.020841734440028792,0.010520782169740145,-0.04102657688579325,0.035121959558404026,-0.000345616622309,0.1,-0.0012216673991183,0.0027085050225093,0.054774022073210915
2018-06-01,-0.0036697733033875246,0.01987315635774961,-0.0015424690564981858,0.05992286666071367,-0.0013546650592184,0.0399999999999998,0.0021693739783597,0.0002883729078213,-0.030615376223875224
2018-07-01,-0.012668105856047218,0.0006782526007313994,-0.022313545196099016,0.003989672920362786,-0.0001202235673538,0.06,0.0061158952511526,-0.001914622159628,0.04480403650268361
2018-08-01,-0.010629769089623209,-0.006949190119756976,-0.017808149036955545,0.05279027075200249,0.0010052095960375,0.0699999999999998,-0.0046872402218003,0.001042858541302,-0.04200847814559072
2018-09-01,-0.016359967480957693,-0.0006502612111570771,-0.010672134443997727,0.04568880929107566,0.0002744327050931,0.1,0.0005626351824261,-0.0009862414691976,0.03138590109816963
2018-10-01,-0.01324008311628394,-0.002272867111527188,-0.009296415470423813,-0.018022855113002834,0.0002766894697412,0.12,0.0054012080466954,-0.0016028213408212,0.007376966352417469
2018-11-01,0.01893395433502182,0.01529193905762144,0.03602268910543227,-0.02777279172320224,-0.0030412875676484,0.0800000000000001,-0.0140061893111678,0.0006085249017928,-0.2168032694196267
2018-12-01,-0.01084901250220588,0.01736554151654468,0.00616432107931375,0.011802262421386267,0.0013890990916145,0.04,0.0235006621962803,0.0070678553954159,-0.13997263872737964
2019-01-01,-0.002576898046323939,-0.010148072131029973,-0.005456309456047803,-0.031168686396621847,-0.0014999711921515,0.0,-0.0185530279412216,-0.0040575737037915,0.036872363305397116
2019-02-01,-0.0019746014731923944,-0.00692048345398677,0.007011196877184822,-0.00043324617151796474,0.0038120724472925,0.02,0.0038059311596132,-0.002002880042859,0.06717468916789304
2019-03-01,-0.007718839085500306,0.012175182533459061,0.0008224028564610131,0.04056939877587462,0.0007778995492548,0.0099999999999997,-0.0088150823948129,0.0005853319674216,0.05660219811504241
2019-04-01,0.004191788651956629,0.0005691914487529481,-0.01776121010692422,-0.016850587094536795,-2.20304415048389e-05,-0.02,0.0202935755930085,-0.0010579657827243,0.09366730832196257
2019-05-01,-0.0236067460676041,0.006083679257402275,-0.023027772534157553,0.019372510614492633,-0.0035058266475829,-0.0299999999999998,-0.0134096114697861,0.0048312957087386,-0.04861009895402191
2019-06-01,9.22738334640516e-05,-0.012791388994956299,0.006002755582463992,0.011227753759271764,-0.0005719684981952,-0.18,0.0112297232712599,0.0013742934920557,-0.10695090783269201
2019-07-01,0.004582676080832293,-0.01390287096358045,0.011669842939019737,-0.03839891111769678,0.0026303827812332,-0.0699999999999998,-0.0033372820329926,-0.0025559609054965,0.04804066307545796
2019-08-01,-0.029570136703069294,0.012730991283900317,-0.03735719945110111,0.07682579356464325,-0.0013908652400491,-0.15,-0.0117843716313377,-9.13987918949033e-05,-0.0453001845173544
2019-09-01,0.0059256994652340245,-0.002461856206528279,-0.013957586216363449,-0.022021227405283117,0.0006233114190656,-0.06,0.0160884204418785,0.0010325637181001,0.03830103083516612
2019-10-01,-0.002476253816377949,-0.00387993346013521,-0.0012616308249709385,0.005340162499118506,0.0012856297646477,-0.24,-0.0044903040047525,0.0023686352142853,-0.053930658553636324
2019-11-01,0.004304164562522528,0.003583748773898443,0.009415432551903802,-0.00790914359340844,-1.18263279800246e-05,-0.11,-0.0042589351492754,-0.0018478825766585,0.0553344138288927
2019-12-01,0.008689359927717188,-0.005122162734197022,0.031090003381401055,-0.026433434111398757,9.65195015867337e-05,0.0,0.0108904659341018,-0.0025961746098328,0.048765114382979924
2020-01-01,-0.005164530884238461,-0.0060825077493287805,0.00026696201000553366,0.0007730495303559515,-0.000988166108752,-0.02,-0.017904551935878,3.83686525129434e-05,-0.04020984613863643
2020-02-01,-0.027688942707784547,0.01495911990260207,-0.032402417974104536,0.04150705472209193,-0.0014452620181009,0.0,0.0071332666997978,-0.0010263870985625,-0.12936761145274334
2020-03-01,-0.06935611802039482,0.04947379860392753,-0.05374845154195801,0.10430097209839717,-0.0050132900237018,-1.23,0.0603252762927049,0.0300691211922608,-0.5482539855603985
2020-04-01,0.015098322469656478,0.00626442374494196,-0.006778206235951045,0.10730457523277481,-0.0034129465961125,-0.15,0.0541283475506606,0.0277512857987556,-0.5681250145765775
2020-05-01,0.03188140969122488,-0.005421474283383743,0.011955841126874422,-0.020746182512791922,0.0070529495737696,-0.01,1.09423752121279,-0.0127745951996925,0.5456210356483115
2020-06-01,0.05700402474844041,-0.030537959595174913,0.057487825113811675,-0.0594571932038761,0.00573451689025,0.03,-1.19286566717405,-0.0326061028983364,0.293703821241174
2020-07-01,0.020224712319771132,-0.004053296579692944,0.02232291569858008,-0.023332361941853286,0.0002477125267974,-0.03,-0.0072435478317451,-0.0073438132211958,0.06076280380233001
2020-08-01,0.022889898899574157,-0.0200598805062,0.0010687044707552995,0.02943716978619948,-0.0013591013808165,-0.03,-0.0054062074113652,-0.0049749882458698,0.03925850319183155
2020-09-01,0.0028781937431363036,6.479108476936668e-05,0.009714425702518847,-0.029745617472328956,-0.0011017018338099,0.01,0.0094371465112725,0.0089541727992674,-0.06614585850437527
2020-10-01,-0.014287285107245307,-0.000911060079545889,-0.004002138858499871,-0.018141005673096622,-0.0013849877071807,-0.01,-0.0047797672998299,-0.0042944821063422,-0.00582059089845588
2020-11-01,0.020701435044060745,-0.011038634617820897,0.032262987788405584,-0.055236665096288995,0.0010338414142934,-0.01,0.0031403334933539,0.0038373867601144,0.03834176392925537
2020-12-01,0.035306571798538466,-0.020356367415923005,0.03406916902326523,-0.043922608740151414,0.0020653407719795,0.0,-0.0029994972837208,-0.0040450777553111,0.13846546287878025
2021-01-01,0.025474910048956356,-0.006624918278287456,0.01497565130385542,0.017060200114106916,-0.0018899271130346,-0.01,0.0027089217882672,0.003696695286365,0.10067067546950392
2021-02-01,0.003542907867317202,-0.0022137087081662565,0.00615654881030836,-0.023985633919712424,0.0009429593095626,-0.04,-0.0002721118168285,0.0003271792703056,0.12697146171078932
2021-03-01,-0.005565232990350388,-0.010094286478097875,-0.015108327434843583,0.012508808523366888,0.0018395881175843,-0.01,-0.0003762363661348,-0.0007333897928045,0.05422767052854205
2021-04-01,-0.0011951391579549941,-0.005945096261552568,-0.0012620067579745542,-0.03812805004906927,0.000989762099385,-0.01,0.005300740687133,0.0054755448767416,-0.009834823325799213
2021-05-01,0.007962852897052286,-0.03003196766674851,0.013615322125330231,-0.025380295209796788,0.0003938711466418,0.0,-0.0041221785993546,-0.0036358488234196,0.05439121284932913
2021-06-01,-0.015486986242388645,0.00785448850209386,-0.016566213046228573,-0.009384503912758912,0.0018130422820172,0.02,-0.011872728429136,-0.0111264817925179,0.09101847771772498
2021-07-01,-0.030107105664578915,0.025052541604392103,-0.017808717617926795,0.043812879332324695,-0.0038220549016276,0.01,0.0055913160990499,0.00548177199164,0.015430903250772232
2021-08-01,-0.015283078917212034,0.005453865983414019,-0.0002446792736764958,0.015433351367768466,-0.0017652405448762,0.0,0.0013610242701016,0.0012593700400938,-0.06791940808597374
2021-09-01,0.0011029382394665554,0.005709596082132062,0.010607466309223101,-0.011648672736794374,0.0016764159680562,-0.01,-0.000980198210275,-0.0007906720507744,0.056263941047368426
2021-10-01,0.013517650490113331,-0.01892094854133594,0.0015249744028490997,0.0170517301026476,0.0050767430630793,0.01,-0.000157057156251,-0.0002620627494227,0.12856443708442455
2021-11-01,-0.014260963557168826,0.010667866477946042,-0.006376413333759545,0.045376279799727914,-0.0010622705147787,0.0,0.0001772110318682,0.000245080893297,-0.02901280503158432
2021-12-01,-0.02096776288183294,0.0184045804366699,-0.03371730848214527,0.022937443388987955,-0.0016482820150098,0.01,-0.0009979531232318,-0.0007052347753475,-0.09871457843253761
2022-01-01,0.003496784063613423,-0.014005880248428082,-0.006523706599655565,-0.026840422345244086,-0.0008536629627444,0.09,-0.0020104935248195,-0.0017215656734954,0.14885749566031148
2022-02-01,-0.0016039784149049496,0.006998708173503204,-0.00953528456892555,-0.01653964977194189,0.0008746665031198,0.18,-0.0002453283136265,-0.0010113365343631,0.09638015403050026
2022-03-01,0.028204357453392226,-0.00399286955946504,0.02799445340759965,-0.017046053632257863,0.0041921388184995,0.11,-0.003744983651746,-0.0028488706461544,0.16888231539521925
2022-04-01,-0.0012935136765571675,-0.0025432365323015127,-0.016520916405187935,0.00548243033606477,-0.0080160334776033,0.32,1.95341606108457e-05,-0.0003058898569747,-0.06393655181982805
2022-05-01,-0.044843922090122834,0.018123410512231264,-0.05508358465004759,0.0562645739730705,0.0063616885801067,0.22,-0.004833050379629,-0.0040264070752744,0.07356744488078881
2022-06-01,-0.002295186196509702,-0.004278847418851761,-0.006546032252447598,-0.006192130097556259,0.003042488741193,0.51,-0.0009520989043938,0.0004868279881353,0.047158789211388275
2022-07-01,-0.02439170416998465,0.010257230686101015,-0.024765478182088296,0.06453003350345643,-0.0126319702498483,0.74,0.0006823301569998,0.0021244098857167,-0.12229948908727728
2022-08-01,0.015192714892393766,-0.0014521497433366282,0.011180044564025104,-0.01080812963216582,0.0007729036762968,0.4,-0.0016535083127298,-0.0014866048669652,-0.08146239894454688
2022-09-01,-0.04253284612779812,0.03207507715117841,-0.05706943718973018,0.053160628628164286,0.0036099797256667,0.5,-0.0028223716867401,-0.0023602601695085,-0.1058707106701684
2022-10-01,-0.046137485823591395,0.025961782852718496,-0.03701868993609436,0.028005770369818883,0.001345464334693,0.59,-0.0018420070751492,-0.000545899197343,0.038302802180989914
2022-11-01,0.03479409914710285,-0.017111310452249007,0.060764367247927775,-0.034730367001050144,-0.0029685404070738,0.43,0.0012911440126632,0.0017383435132298,-0.03699817055432497
2022-12-01,0.022812558039851827,0.009490941972113698,0.0470966047104458,-0.011525731912214177,-0.0024566774222956,0.0999999999999996,-0.0048805024430951,-0.0039960875423457,-0.09870576880546356
2023-01-01,0.030272303512393628,-0.01208773724668516,0.007642988793747252,-0.010151592972198475,0.005146008505382,0.29,0.0053764548198884,0.0058646452984554,0.02173998663640564
2023-02-01,-0.009011485550231124,0.002397702300820259,-0.017880353232087476,0.04577225482898584,-0.0018772836331502,0.11,5.691324562207e-05,-0.0002597116663913,-0.016650917128933962
2023-03-01,-0.031988520985757996,0.016827366149433143,-0.012919067438901422,0.019509930441000467,-0.0021927078829531,0.04,-0.0165585943642412,-0.0136284823719812,-0.04730746851366874
2023-04-01,0.001849164206534859,-0.014597951282903254,0.00041211651120387494,-0.0036698424306678135,0.0021570355668005,0.23,0.0075050714743323,0.0076354445381507,0.08084017261684995
2023-05-01,-0.006742591538178577,0.0024244337849672615,0.0006812256031090147,0.04512020673912076,-0.0017736118741078,0.22,0.0128767443881035,0.0104361598573508,-0.10431218764484562
2023-06-01,0.010357103822783709,-0.017247170097364484,-0.012754137469716154,-0.01521582489845974,0.0006258591595962,0.0200000000000005,-0.0024887342269757,-0.0041997481366404,-0.018755397124023965
2023-07-01,0.004293257201010203,-0.005645694047518357,0.015681558844486687,-0.03277753379164183,-0.0002840103408789,0.0899999999999999,0.001149142111501,0.0004173786745145,0.07959366079535446
2023-08-01,-0.03864314763063981,0.02001901958115082,-0.03865440880396587,0.034343469868669985,0.0028688189446715,0.0499999999999998,-0.0012989096825322,-0.0007068948899551,0.06759844632974055
2023-09-01,-0.00948936737720657,0.003888199894851896,-0.010905819454470334,0.010149552203142065,-0.0009307263390967,0.0200000000000005,0.0009077099513365,0.0001095095654974,0.0942037810191394
2023-10-01,-0.012100155575015592,0.013309294145608774,-0.00624214135725909,0.0026821477340410738,-0.0025274105405941,0.0199999999999996,-0.0004103165205009,-0.0006758838166511,-0.04330373263660814
2023-11-01,0.02492862643834476,-0.0004041364382783019,0.018583374170592082,-0.026268882271490046,0.0001019884141433,-0.0700000000000003,0.0019464136181195,0.0019756881769339,-0.0974259147591523
2023-12-01,0.028053913758321836,-0.021418184541915186,0.03569354012211312,0.005874380544967472,0.0004546462050853,-0.0299999999999994,0.0012672641663957,-0.0002218067694066,-0.0774502842353284
2024-01-01,-0.008465544096297184,0.0004854358691905314,-0.00887684057317173,0.009235685241756109,0.0011723406979324,-0.0200000000000005,0.0040276683661293,0.0032962685943243,0.030813803856940325
2024-02-01,-0.017462366781298977,0.005737613881792725,-0.00738051905544973,0.011164751113924787,0.0009942767525199,0.0200000000000005,0.0007414837694419,0.0008261770990412,0.04095684719391368
2024-03-01,0.0056538771075860805,0.002635159027996492,-0.006817351094380419,-0.008924267296740673,0.0003323807746582,0.0,-0.0023938097369473,-0.0022544256053578,0.05085306805231671
2024-04-01,-0.007956610701111921,0.010141836590716158,-0.020678265057791745,0.00167948239596738,-0.0022532247624829,0.0,-0.0005496117958134,-0.0007045541704986,0.048860465410277776
2024-05-01,0.018165325914821395,-0.0005087425689502267,0.018133918971558305,-0.024977781003466593,-0.0016828546791121,0.0099999999999997,0.0021476913025821,0.001711594904787,-0.06448384581136057
2024-06-01,0.0025095102426321847,0.002833376846446467,0.012104894618706563,0.0008322815146302176,-0.0009038534516694,-0.0099999999999997,0.0002525697896302,1.49848873078895e-05,-0.003129109506050831
2024-07-01,0.004531713253851266,0.0006494838123473068,-0.017914560388778755,-0.010021680541675959,0.0020940597989582,-0.04,-0.0020053335757577,-0.0016455223651341,0.025129749685663505
2024-08-01,-0.0022300506740797754,-0.004331340516709303,0.009460041967051858,-0.011595194203613435,-0.0001046887118016,-0.15,0.0031520765629586,0.0025528241335308,-0.06463632543125808
2024-09-01,0.016767223116718633,-0.007999689735823212,0.02208116203285393,-0.024712647702995305,0.0005600773009053,-0.33,0.0005753545344511,8.835427578191e-05,-0.08772296885058228
2024-10-01,-0.010376816211042639,0.015418591300294548,-0.02395704774290358,-0.0005688484775903113,0.0007212623073389,-0.21,-0.0004065887377482,-0.0017155046446788,0.02460927115435041
2024-11-01,-0.02609215281478916,0.015587172843570307,-0.02814646668177595,0.019882933373104983,-1.44311696121946e-05,-0.0899999999999999,0.0032727088185886,0.0025635337507097,-0.02874651936972139
2024-12-01,-0.03020462780005223,0.0194378712870123,-0.027368181760906718,0.015503765229194055,0.0005557229305654,-0.15,-0.0045623938612848,-0.0039578403753743,0.002427358941543112
2025-01-01,-0.016357895803925826,0.009887849559477968,-0.020226207810650654,0.02680658436828054,0.0008698960390685,-0.0599999999999996,0.0023087244008621,0.0019947766644055,0.07709836242061563
2025-02-01,0.011269617712753421,-0.006273711273184712,0.008374745507641723,-0.012621088113576207,-0.0020149854358244,0.0099999999999997,-0.0010856972789739,0.0002930312279438,-0.05718948035335636
2025-03-01,-0.00025656676813490265,0.003987549172680072,0.008108268917924155,-0.01169292789422638,-0.0019170014121705,-0.0199999999999996,-0.0017884380233788,0.0001055744309077,-0.047086038936869024
2025-04-01,-0.0014791727170669344,-0.02642286301220209,0.019091125616243154,0.034904035747464146,0.0012838780996693,0.0099999999999997,0.0049897354305912,0.0029260400388295,-0.07136127434205353
2025-05-01,0.02265225496826051,-0.008220042285048856,0.016762618741900992,-0.04268052770166664,-0.0006230852373194,0.04,-0.0044571044915677,-0.0035421552490895,-0.021797060560124315
2025-06-01,0.011478113234593523,-0.014429199692137962,0.016745884993605076,-0.016827948384718017,0.0015464041618313,-0.0199999999999996,0.0035943961926392,0.0027645988306233,0.09213201709344787
2025-07-01,0.004098522054777898,0.0016660396014181456,-0.007239740506668646,-0.0027870536480660846,-0.0002578180426962,0.0199999999999996,-0.0025748878805576,-0.0018190566885358,0.0032220297353111604
2025-08-01,-0.006236693201251253,0.007719660062595668,-0.014976353606447668,-0.0041981287040568915,0.0011956872014513,-0.13,-0.0014284300339557,-0.0009125988125191,-0.05299551423083315
2025-09-01,0.015661634205805686,0.0026850002602241685,-0.0032479890231474906,-0.015405049345823763,-0.0005300373856549,-0.2,0.002020724855285,0.0010841457851658,-0.013973212913418465
2025-10-01,-0.0077224580959037725,0.011027089157914616,-0.020479789646590363,-0.008820993814863787,-0.0005300373856549,-0.1,0.0009901781010288,-0.0005350024034207,-0.049188930345270165
2025-11-01,-0.006912058781071484,0.004884135974613735,-0.01977009032065069,-0.002463785441126909,-0.0005300373856549,-0.04,-0.0033641865255962,-0.0022832237127836,-0.013724895065299059
2025-12-01,0.021441828332489088,-0.0187615905025032,0.023579019140619106,-0.023311929079782523,-0.0005300373856549,-0.19,0.0034099383700958,0.0028871104780368,-0.03541842720354271
2026-01-01,0.022199712918131553,-0.0017492092785904578,0.010997182287642238,-0.03445891634706433,-0.0012664903736583,-0.02,0.0011332726805868,-0.000433313040796,0.03508537141361945
