Date,CPI,TB3MS,M1,M2,AUD_USD,CAD_USD,NZD_USD,ZAR_USD
1986-01-01,109.9,7.07,621.4,2502.1,0.7000047619047619,1.4069809523809524,0.5165714285714286,2.3627619047619044
1986-02-01,109.7,7.06,625.2,2512.9,0.6992842105263158,1.4042842105263158,0.5317736842105263,2.089715789473684
1986-03-01,109.1,6.56,633.5,2533.1,0.7079380952380953,1.4009095238095237,0.5282,2.040942857142857
1986-04-01,108.7,6.06,641.0,2557.8,0.722840909090909,1.387868181818182,0.5612681818181818,2.051609090909091
1986-05-01,109.0,6.15,652.0,2584.8,0.7271952380952381,1.3757190476190477,0.5666571428571429,2.1940285714285714
1986-06-01,109.4,6.21,660.6,2605.0,0.6888666666666667,1.3899142857142857,0.545852380952381,2.5362095238095237
1986-07-01,109.5,5.83,670.3,2626.6,0.6290590909090908,1.3808363636363636,0.5317636363636363,2.56215
1986-08-01,109.6,5.53,678.7,2646.5,0.6123285714285714,1.3885190476190477,0.5006809523809524,2.6050142857142857
1986-09-01,110.0,5.21,687.4,2667.8,0.6220761904761904,1.387252380952381,0.4795,2.3087809523809524
1986-10-01,110.2,5.18,694.9,2687.4,0.6383136363636364,1.3884772727272727,0.5039227272727272,2.2516499999999997
1986-11-01,110.4,5.35,705.4,2701.3,0.6445222222222222,1.3863333333333334,0.5138222222222222,2.2538111111111108
1986-12-01,110.8,5.53,724.7,2728.0,0.6594818181818182,1.3800772727272728,0.513390909090909,2.225290909090909
1987-01-01,111.4,5.43,730.2,2743.9,0.66088,1.36055,0.536055,2.097375
1987-02-01,111.8,5.59,730.7,2747.5,0.6676684210526316,1.3339736842105263,0.5481473684210526,2.084642105263158
1987-03-01,112.2,5.59,733.8,2753.7,0.6870954545454545,1.3194272727272727,0.5633318181818182,2.0743772727272725
1987-04-01,112.7,5.64,743.9,2767.7,0.7114045454545455,1.3191954545454545,0.5775363636363636,2.0176363636363637
1987-05-01,113.0,5.66,745.8,2772.9,0.71416,1.34107,0.57639,2.005465
1987-06-01,113.5,5.67,743.2,2774.6,0.7179318181818182,1.3386909090909092,0.5868636363636364,2.023959090909091
1987-07-01,113.8,5.69,743.0,2779.0,0.7078869565217392,1.3261652173913043,0.5964434782608695,2.060978260869565
1987-08-01,114.3,6.04,744.9,2788.2,0.7071714285714286,1.325647619047619,0.5892333333333334,2.0767571428571427
1987-09-01,114.7,6.4,747.6,2799.5,0.7268476190476191,1.3154476190476192,0.6335190476190476,2.046742857142857
1987-10-01,115.0,6.13,756.2,2814.8,0.7112047619047619,1.3097380952380953,0.6403095238095238,2.049647619047619
1987-11-01,115.4,5.69,753.2,2818.9,0.6859684210526316,1.3166842105263157,0.6191473684210527,1.973847368421053
1987-12-01,115.6,5.77,750.2,2826.4,0.7106,1.3074954545454547,0.6466363636363636,1.952490909090909
1988-01-01,116.0,5.81,756.2,2847.4,0.7110631578947368,1.2854894736842104,0.6581842105263158,1.9755105263157895
1988-02-01,116.2,5.66,757.7,2870.4,0.71401,1.268215,0.66386,2.05292
1988-03-01,116.5,5.7,761.8,2890.7,0.7329173913043477,1.2492434782608697,0.662395652173913,2.1334782608695653
1988-04-01,117.2,5.91,768.1,2910.7,0.7479666666666667,1.2352904761904762,0.6614285714285715,2.1419047619047618
1988-05-01,117.5,6.26,771.7,2926.0,0.777395238095238,1.237304761904762,0.6888904761904762,2.21
1988-06-01,118.0,6.46,778.3,2938.4,0.8076227272727273,1.217640909090909,0.6999636363636363,2.2713636363636365
1988-07-01,118.5,6.73,781.4,2947.2,0.79999,1.207535,0.6683250000000001,2.398
1988-08-01,119.0,7.06,783.3,2952.0,0.8056565217391305,1.2236565217391304,0.6481478260869565,2.452608695652174
1988-09-01,119.5,7.24,783.7,2956.9,0.7915476190476189,1.2266666666666668,0.6148047619047619,2.4576190476190476
1988-10-01,119.9,7.35,783.3,2965.3,0.8095650000000001,1.205515,0.621135,2.4665
1988-11-01,120.3,7.76,784.9,2980.2,0.8506750000000001,1.21859,0.64067,2.3945
1988-12-01,120.7,8.07,786.7,2988.2,0.8572619047619048,1.196247619047619,0.6362095238095238,2.348095238095238
1989-01-01,121.2,8.27,785.7,2991.7,0.870525,1.1913399999999998,0.62412,2.3845
1989-02-01,121.6,8.53,783.8,2992.2,0.8563947368421052,1.1891,0.6162894736842105,2.4563157894736842
1989-03-01,122.2,8.82,783.0,2999.7,0.816895652173913,1.1953739130434784,0.6154739130434783,2.5391304347826087
1989-04-01,123.1,8.65,779.2,3006.0,0.803505,1.18876,0.611675,2.549
1989-05-01,123.7,8.43,775.0,3011.6,0.7735954545454546,1.1925136363636364,0.6071772727272727,2.6704545454545454
1989-06-01,124.1,8.15,773.5,3027.9,0.7560636363636365,1.1985545454545454,0.5737636363636364,2.7822727272727272
1989-07-01,124.5,7.88,777.8,3052.4,0.756575,1.18914,0.57537,2.6915
1989-08-01,124.5,7.9,779.4,3074.4,0.7634521739130434,1.1757782608695653,0.5921695652173913,2.723913043478261
1989-09-01,124.8,7.75,781.0,3092.5,0.772705,1.1828049999999999,0.5914349999999999,2.7887
1989-10-01,125.4,7.64,786.6,3114.1,0.7742095238095239,1.174909523809524,0.5871285714285713,2.6745714285714284
1989-11-01,125.9,7.69,787.9,3133.3,0.782952380952381,1.1697333333333333,0.5877142857142857,2.6295238095238096
1989-12-01,126.3,7.63,792.9,3152.5,0.78586,1.16134,0.59458,2.56789
1990-01-01,127.5,7.64,795.4,3166.8,0.7811047619047619,1.1720380952380953,0.6021952380952381,2.5531904761904762
1990-02-01,128.0,7.74,798.1,3179.2,0.7593210526315789,1.196478947368421,0.5915631578947368,2.5448684210526316
1990-03-01,128.6,7.9,801.5,3190.1,0.7556181818181819,1.1799863636363637,0.5847045454545454,2.615818181818182
1990-04-01,128.9,7.77,806.1,3201.6,0.7636619047619048,1.164095238095238,0.5788285714285715,2.65516
1990-05-01,129.1,7.74,804.2,3200.6,0.7610545454545455,1.1746999999999999,0.5729318181818182,2.646781818181818
1990-06-01,129.9,7.73,808.8,3213.7,0.7790285714285714,1.1730476190476191,0.5825380952380952,2.6592380952380954
1990-07-01,130.5,7.62,810.1,3224.5,0.7907619047619049,1.1570285714285713,0.5914666666666667,2.625304761904762
1990-08-01,131.6,7.45,815.7,3242.0,0.8087130434782609,1.144808695652174,0.6129347826086956,2.573378260869565
1990-09-01,132.5,7.36,820.2,3254.6,0.8251157894736841,1.1583368421052633,0.6207736842105264,2.571157894736842
1990-10-01,133.4,7.17,819.9,3259.3,0.8005954545454546,1.1600227272727273,0.6112909090909091,2.5445227272727275
1990-11-01,133.7,7.06,822.1,3262.6,0.7729,1.16348,0.611195,2.524725
1990-12-01,134.2,6.74,824.7,3271.8,0.77019,1.160265,0.595735,2.539475
1991-01-01,134.7,6.22,827.2,3287.7,0.7792952380952382,1.1560333333333335,0.5947619047619048,2.5642619047619046
1991-02-01,134.8,5.94,832.6,3304.5,0.7835052631578947,1.1548947368421052,0.6012000000000001,2.5412368421052633
1991-03-01,134.8,5.91,838.7,3321.9,0.7710666666666667,1.1571571428571428,0.5938857142857144,2.663595238095238
1991-04-01,135.1,5.65,843.1,3332.4,0.7794681818181818,1.1535136363636362,0.5890863636363636,2.7324772727272726
1991-05-01,135.6,5.46,848.8,3343.0,0.7742681818181818,1.1498545454545455,0.5864681818181818,2.7974545454545456
1991-06-01,136.0,5.57,856.7,3351.9,0.759815,1.143895,0.57645,2.86245
1991-07-01,136.2,5.58,861.6,3356.1,0.7715590909090909,1.1493318181818182,0.5668136363636364,2.8819090909090908
1991-08-01,136.6,5.33,866.8,3355.0,0.7823454545454546,1.1451500000000001,0.5735272727272727,2.8703863636363636
1991-09-01,137.0,5.22,869.7,3354.9,0.79369,1.136955,0.57989,2.831615
1991-10-01,137.2,4.99,878.0,3360.1,0.7925045454545454,1.127940909090909,0.5630590909090909,2.8313954545454547
1991-11-01,137.8,4.56,887.6,3365.5,0.7865947368421052,1.1301736842105263,0.5635157894736842,2.7916052631578947
1991-12-01,138.2,4.07,897.0,3372.2,0.7712238095238094,1.146652380952381,0.5525571428571429,2.766475
1992-01-01,138.3,3.8,910.4,3381.2,0.7475571428571429,1.157057142857143,0.5419428571428572,2.783119047619048
1992-02-01,138.6,3.84,925.2,3400.0,0.7517842105263157,1.182457894736842,0.5417736842105263,2.8156315789473685
1992-03-01,139.1,4.04,936.7,3403.9,0.7586454545454546,1.1928363636363637,0.5478954545454546,2.8829545454545453
1992-04-01,139.4,3.75,943.8,3399.7,0.7624045454545455,1.1874318181818182,0.5413818181818182,2.878275
1992-05-01,139.7,3.63,950.6,3398.6,0.75587,1.1990750000000001,0.535135,2.84825
1992-06-01,140.1,3.66,954.3,3393.4,0.7556045454545455,1.1960454545454544,0.5420045454545455,2.807681818181818
1992-07-01,140.5,3.21,963.3,3393.9,0.7450652173913044,1.192404347826087,0.546091304347826,2.757717391304348
1992-08-01,140.8,3.13,973.7,3398.8,0.7247857142857143,1.1907476190476192,0.5405666666666666,2.762928571428571
1992-09-01,141.1,2.91,988.0,3410.3,0.7225476190476191,1.2224761904761905,0.5411238095238096,2.8037380952380953
1992-10-01,141.7,2.86,1003.7,3423.8,0.7148095238095239,1.245304761904762,0.5394285714285715,2.8922619047619045
1992-11-01,142.1,3.13,1015.7,3426.5,0.6898368421052631,1.2674315789473685,0.5199578947368422,2.995947368421053
1992-12-01,142.3,3.22,1024.9,3424.7,0.6897363636363637,1.2724681818181818,0.5156954545454545,3.013959090909091
1993-01-01,142.8,3.0,1030.4,3419.1,0.6729736842105263,1.2779105263157895,0.5126947368421052,3.071263157894737
1993-02-01,143.1,2.93,1033.5,3414.5,0.6829368421052632,1.2602263157894735,0.5160263157894738,3.120736842105263
1993-03-01,143.3,2.95,1038.4,3411.7,0.7077521739130436,1.2470739130434783,0.5302565217391304,3.1789565217391305
1993-04-01,143.8,2.87,1047.6,3411.3,0.7115454545454546,1.2620545454545455,0.5390363636363636,3.1717857142857144
1993-05-01,144.2,2.96,1065.9,3436.9,0.698585,1.269805,0.5429,3.178725
1993-06-01,144.3,3.07,1075.1,3442.4,0.6749181818181819,1.2789227272727273,0.5394863636363637,3.240840909090909
1993-07-01,144.5,3.04,1084.6,3442.0,0.6778761904761905,1.2819666666666667,0.5489952380952381,3.351833333333333
1993-08-01,144.8,3.02,1094.2,3445.7,0.6773636363636364,1.3080136363636363,0.5526090909090909,3.3660454545454543
1993-09-01,145.0,2.95,1104.2,3452.2,0.6516666666666667,1.3214761904761905,0.5515714285714286,3.413452380952381
1993-10-01,145.6,3.02,1113.1,3456.7,0.661,1.32629,0.5526,3.39245
1993-11-01,146.0,3.1,1124.1,3470.1,0.6646500000000001,1.3174350000000001,0.547865,3.367975
1993-12-01,146.3,3.06,1129.6,3474.5,0.6736347826086957,1.3307608695652173,0.5563130434782609,3.3787826086956523
1994-01-01,146.3,2.98,1131.6,3474.9,0.696075,1.31725,0.56263,3.4106499999999995
1994-02-01,146.7,3.25,1136.3,3475.7,0.7161052631578947,1.3424263157894736,0.5743578947368421,3.4520263157894733
1994-03-01,147.1,3.5,1140.1,3480.1,0.7108695652173914,1.3644391304347827,0.5709304347826086,3.458565217391304
1994-04-01,147.2,3.68,1141.1,3481.3,0.7156476190476191,1.3829714285714285,0.5690809523809524,3.5789095238095237
1994-05-01,147.5,4.14,1143.3,3490.8,0.7243333333333334,1.3808380952380952,0.5834714285714286,3.6346190476190476
1994-06-01,147.9,4.14,1145.2,3479.5,0.7329090909090908,1.3836318181818184,0.5912045454545454,3.63175
1994-07-01,148.4,4.33,1150.7,3488.2,0.734085,1.3825749999999999,0.600625,3.67045
1994-08-01,149.0,4.48,1150.6,3485.7,0.7401000000000001,1.3783173913043478,0.6011913043478261,3.5967826086956523
1994-09-01,149.3,4.62,1151.9,3486.1,0.742,1.3540142857142858,0.6029666666666667,3.5570476190476192
1994-10-01,149.4,4.95,1150.2,3484.3,0.7378750000000001,1.35027,0.6089800000000001,3.5420000000000003
1994-11-01,149.8,5.29,1150.9,3487.2,0.75492,1.364665,0.620925,3.525575
1994-12-01,150.1,5.6,1150.7,3486.4,0.7738857142857143,1.389252380952381,0.6372571428571429,3.561442857142857
1995-01-01,150.5,5.71,1151.4,3492.4,0.76469,1.4132250000000002,0.6401749999999999,3.54035
1995-02-01,150.9,5.77,1147.4,3489.9,0.7447263157894737,1.4004894736842106,0.6344842105263158,3.5629473684210526
1995-03-01,151.2,5.73,1146.7,3491.1,0.7345173913043478,1.4076956521739132,0.6459782608695652,3.6012608695652175
1995-04-01,151.8,5.65,1149.3,3499.2,0.73564,1.3762,0.667225,3.6035000000000004
1995-05-01,152.1,5.67,1145.3,3524.2,0.7271636363636363,1.3608727272727272,0.6673954545454546,3.657386363636364
1995-06-01,152.4,5.47,1144.2,3548.9,0.7195909090909091,1.3775090909090908,0.6694727272727273,3.6627409090909087
1995-07-01,152.6,5.42,1145.5,3567.4,0.72792,1.36117,0.674165,3.6404249999999996
1995-08-01,152.9,5.4,1145.4,3589.0,0.7413652173913043,1.355217391304348,0.6568739130434783,3.6401521739130436
1995-09-01,153.1,5.28,1142.0,3602.1,0.75371,1.350935,0.656065,3.6615499999999996
1995-10-01,153.5,5.28,1137.3,3613.4,0.7569904761904762,1.3458190476190477,0.6589857142857143,3.650190476190476
1995-11-01,153.7,5.36,1134.1,3619.9,0.7453428571428572,1.3533714285714287,0.6522428571428571,3.6475619047619046
1995-12-01,153.9,5.14,1127.5,3629.5,0.740525,1.3693,0.6499550000000001,3.6631950000000004
1996-01-01,154.7,5.0,1123.5,3647.9,0.7417095238095238,1.3668666666666667,0.661947619047619,3.641319047619048
1996-02-01,155.0,4.83,1118.5,3661.8,0.75557,1.37522,0.674945,3.74196
1996-03-01,155.5,4.96,1122.6,3686.9,0.7713619047619047,1.3656,0.6807857142857143,3.929271428571429
1996-04-01,156.1,4.95,1124.8,3697.7,0.7856636363636365,1.3591863636363637,0.6824227272727273,4.213013636363637
1996-05-01,156.4,5.02,1116.5,3709.6,0.7969954545454545,1.36925,0.6857045454545454,4.372931818181818
1996-06-01,156.7,5.09,1115.2,3722.5,0.791215,1.3658,0.676495,4.3519
1996-07-01,157.0,5.15,1112.4,3737.1,0.7897409090909092,1.369731818181818,0.6900090909090909,4.396295454545455
1996-08-01,157.2,5.05,1101.6,3744.0,0.7830454545454546,1.3722409090909091,0.6885954545454546,4.5289090909090906
1996-09-01,157.7,5.09,1096.2,3753.4,0.79279,1.3693849999999999,0.6964,4.503875
1996-10-01,158.2,4.99,1085.7,3772.8,0.7917909090909091,1.3508363636363636,0.7007090909090908,4.579909090909091
1996-11-01,158.7,5.03,1083.5,3795.1,0.7968368421052632,1.3380578947368422,0.7097526315789474,4.657736842105263
1996-12-01,159.1,4.91,1081.3,3818.6,0.7966095238095238,1.3621571428571428,0.7050047619047619,4.687261904761905
1997-01-01,159.4,5.03,1081.2,3834.6,0.777557142857143,1.3494380952380953,0.7008809523809524,4.6401666666666666
1997-02-01,159.7,5.01,1078.8,3846.3,0.7676789473684211,1.3555842105263158,0.6908368421052632,4.455684210526316
1997-03-01,159.8,5.14,1072.5,3861.2,0.7874714285714285,1.3724761904761904,0.6978904761904762,4.43192380952381
1997-04-01,159.9,5.16,1063.9,3877.0,0.7786818181818181,1.394159090909091,0.6922,4.441727272727273
1997-05-01,159.9,5.05,1063.8,3889.2,0.7751,1.3803999999999998,0.6909666666666666,4.466833333333334
1997-06-01,160.2,4.93,1066.1,3906.0,0.7542238095238095,1.3842714285714286,0.6871285714285714,4.500547619047619
1997-07-01,160.4,5.05,1065.5,3923.9,0.7419863636363636,1.3775318181818184,0.6609727272727273,4.561136363636364
1997-08-01,160.8,5.14,1075.3,3957.4,0.7403619047619048,1.3905333333333334,0.6421047619047618,4.6855714285714285
1997-09-01,161.2,4.95,1066.9,3973.1,0.7230952380952381,1.3871619047619048,0.6360380952380952,4.689004761904762
1997-10-01,161.5,4.97,1065.6,3992.3,0.7197136363636364,1.3869045454545454,0.6355636363636363,4.7145
1997-11-01,161.7,5.14,1070.9,4014.8,0.6952555555555555,1.4128222222222222,0.6242,4.839361111111111
1997-12-01,161.8,5.16,1072.3,4032.9,0.6618727272727273,1.4270909090909092,0.5913727272727273,4.870563636363636
1998-01-01,162.0,5.04,1074.0,4056.2,0.656585,1.440945,0.5792499999999999,4.94165
1998-02-01,162.0,5.09,1077.8,4088.9,0.6743631578947369,1.4334105263157895,0.5828578947368421,4.93371052631579
1998-03-01,162.0,5.03,1076.9,4114.3,0.6696272727272727,1.4165772727272727,0.5726045454545455,4.974590909090909
1998-04-01,162.2,4.95,1076.5,4140.2,0.6523090909090908,1.4297727272727274,0.553390909090909,5.045904545454546
1998-05-01,162.6,5.0,1079.1,4164.4,0.631235,1.44522,0.538755,5.09273
1998-06-01,162.8,4.98,1076.3,4184.1,0.6045590909090909,1.4655090909090909,0.5123136363636364,5.391045454545455
1998-07-01,163.2,4.96,1075.1,4203.8,0.6180217391304348,1.486895652173913,0.5184652173913044,6.228482608695652
1998-08-01,163.4,4.9,1075.9,4228.7,0.5888380952380953,1.5346380952380954,0.5011476190476191,6.319761904761905
1998-09-01,163.5,4.61,1079.9,4267.7,0.5888619047619047,1.5217619047619049,0.5044428571428571,6.096566666666666
1998-10-01,163.9,3.96,1086.0,4307.9,0.6178523809523809,1.5451761904761905,0.5213476190476191,5.79912380952381
1998-11-01,164.1,4.41,1094.9,4346.6,0.6349421052631579,1.5403947368421052,0.5340368421052631,5.651131578947369
1998-12-01,164.4,4.39,1095.0,4375.6,0.6182045454545455,1.5432727272727271,0.5222863636363636,5.903045454545454
1999-01-01,164.7,4.34,1098.1,4403.0,0.632,1.519442105263158,0.5388368421052632,5.993052631578947
1999-02-01,164.7,4.44,1096.7,4425.8,0.6399105263157895,1.4977421052631579,0.5434526315789473,6.114631578947368
1999-03-01,164.8,4.44,1096.6,4432.6,0.6308304347826087,1.5175695652173913,0.5323217391304348,6.213565217391305
1999-04-01,165.9,4.29,1101.6,4461.4,0.6419863636363636,1.4881,0.5427409090909091,6.118568181818182
1999-05-01,166.0,4.5,1103.8,4486.1,0.6628000000000001,1.4611100000000001,0.55296,6.18085
1999-06-01,166.0,4.57,1099.8,4508.0,0.6562681818181818,1.4694863636363635,0.5324681818181818,6.087954545454545
1999-07-01,166.7,4.55,1099.1,4535.4,0.6561523809523809,1.489047619047619,0.5261333333333333,6.118223809523809
1999-08-01,167.1,4.72,1099.2,4552.7,0.6445545454545454,1.4931954545454544,0.5258954545454546,6.1302045454545455
1999-09-01,167.8,4.68,1096.5,4568.8,0.649452380952381,1.477052380952381,0.5230190476190476,6.056285714285714
1999-10-01,168.1,4.86,1103.3,4592.7,0.650945,1.4776099999999999,0.514155,6.10291
1999-11-01,168.4,5.07,1110.7,4611.8,0.638835,1.46743,0.51215,6.1423499999999995
1999-12-01,168.8,5.2,1122.2,4639.3,0.6409652173913044,1.4722086956521738,0.5087,6.150282608695653
2000-01-01,169.3,5.32,1122.1,4667.6,0.65603,1.4486,0.51271,6.13086
2000-02-01,170.0,5.55,1108.6,4680.9,0.627755,1.45121,0.49029999999999996,6.3209
2000-03-01,171.0,5.69,1107.5,4711.7,0.6093826086956522,1.4607739130434783,0.49015652173913044,6.4675
2000-04-01,170.9,5.66,1115.6,4767.8,0.596025,1.4688750000000002,0.49598,6.648000000000001
2000-05-01,171.2,5.79,1104.9,4755.7,0.5783590909090909,1.4957363636363636,0.4708454545454545,7.023818181818182
2000-06-01,172.2,5.69,1102.6,4773.6,0.5949363636363636,1.4770454545454543,0.47047727272727274,6.914659090909091
2000-07-01,172.7,5.96,1103.5,4791.3,0.587005,1.4777850000000001,0.459685,6.8971
2000-08-01,172.7,6.09,1100.2,4819.5,0.5808347826086956,1.482813043478261,0.4451608695652174,6.95695652173913
2000-09-01,173.6,6.0,1099.7,4855.2,0.55212,1.48643,0.417075,7.1804749999999995
2000-10-01,173.9,6.11,1098.7,4871.3,0.527952380952381,1.5124761904761905,0.40008095238095237,7.4901904761904765
2000-11-01,174.2,6.17,1092.4,4882.7,0.5218095238095238,1.5426380952380954,0.39900952380952387,7.688890476190476
2000-12-01,174.6,5.77,1088.6,4927.6,0.546555,1.521875,0.42965,7.6438999999999995
2001-01-01,175.6,5.15,1096.7,4978.3,0.5551952380952381,1.5032,0.4441761904761905,7.778642857142857
2001-02-01,176.0,4.88,1101.2,5017.0,0.5337526315789474,1.5215631578947368,0.43451578947368424,7.821447368421052
2001-03-01,176.1,4.42,1108.9,5074.8,0.5031,1.558740909090909,0.4182227272727273,7.897963636363636
2001-04-01,176.4,3.87,1116.7,5139.1,0.5015952380952381,1.5577666666666665,0.4069285714285715,8.078333333333333
2001-05-01,177.3,3.62,1118.5,5137.2,0.5198863636363636,1.54105,0.42179090909090905,7.978909090909091
2001-06-01,177.7,3.49,1126.2,5180.1,0.5180333333333333,1.5245380952380954,0.41409999999999997,8.05952380952381
2001-07-01,177.4,3.51,1138.9,5210.0,0.5088809523809524,1.5307904761904763,0.40813809523809524,8.209380952380952
2001-08-01,177.4,3.36,1150.2,5243.8,0.5245782608695653,1.5398565217391305,0.43138260869565215,8.311534782608696
2001-09-01,178.1,2.64,1205.7,5355.1,0.5036444444444445,1.5679388888888888,0.41728888888888893,8.675644444444444
2001-10-01,177.6,2.16,1165.7,5343.8,0.5042181818181818,1.5716772727272728,0.41393636363636366,9.280413636363637
2001-11-01,177.5,1.87,1171.0,5387.5,0.51653,1.592245,0.41576500000000005,9.73884
2001-12-01,177.4,1.69,1183.2,5440.5,0.513835,1.578755,0.41567499999999996,11.67611
2002-01-01,177.7,1.65,1190.7,5460.9,0.5170238095238096,1.5997142857142859,0.42448095238095235,11.625761904761905
2002-02-01,178.0,1.72,1190.6,5490.2,0.5127684210526315,1.5964,0.41873684210526313,11.492326315789473
2002-03-01,178.5,1.79,1193.3,5502.0,0.525552380952381,1.5877428571428571,0.4333285714285714,11.486319047619048
2002-04-01,179.3,1.71,1186.9,5502.1,0.5352363636363636,1.5814863636363639,0.4428181818181818,11.083181818181819
2002-05-01,179.5,1.73,1189.3,5528.3,0.5498227272727273,1.5501545454545456,0.46095454545454545,10.161472727272727
2002-06-01,179.6,1.7,1193.3,5553.3,0.568155,1.53184,0.488555,10.184050000000001
2002-07-01,180.0,1.68,1199.1,5596.0,0.5538,1.54555,0.4809181818181818,10.103227272727272
2002-08-01,180.5,1.62,1187.1,5638.3,0.5413318181818182,1.5694181818181818,0.46353181818181816,10.587827272727273
2002-09-01,180.8,1.63,1196.1,5662.3,0.5464800000000001,1.576135,0.47019500000000003,10.59671
2002-10-01,181.2,1.58,1204.0,5707.1,0.5502363636363636,1.578009090909091,0.48178181818181814,10.305840909090909
2002-11-01,181.5,1.23,1209.6,5758.1,0.5612578947368421,1.5714526315789474,0.49726315789473685,9.650894736842105
2002-12-01,181.8,1.19,1220.2,5779.4,0.5624142857142856,1.5592190476190477,0.5107571428571428,8.947857142857142
2003-01-01,182.6,1.17,1227.3,5812.1,0.5828904761904762,1.5414476190476192,0.5398142857142857,8.694861904761904
2003-02-01,183.6,1.17,1238.2,5848.2,0.5955684210526315,1.5121473684210525,0.5539421052631579,8.285763157894737
2003-03-01,183.9,1.13,1239.3,5868.4,0.6014904761904761,1.4760809523809524,0.5537047619047619,8.050633333333334
2003-04-01,183.2,1.13,1250.0,5905.5,0.609959090909091,1.4582045454545456,0.5517500000000001,7.66335
2003-05-01,182.9,1.07,1268.8,5965.3,0.6467904761904761,1.3839571428571429,0.5756095238095238,7.660380952380952
2003-06-01,183.1,0.92,1281.0,6002.2,0.6652285714285714,1.3525095238095237,0.5814999999999999,7.858819047619048
2003-07-01,183.7,0.9,1287.5,6049.1,0.6607363636363636,1.382090909090909,0.5863818181818181,7.545795454545455
2003-08-01,184.5,0.95,1296.4,6107.1,0.6517619047619048,1.3962714285714286,0.582947619047619,7.3944857142857146
2003-09-01,185.1,0.94,1297.2,6079.7,0.6635095238095238,1.3633714285714287,0.5842809523809523,7.305952380952381
2003-10-01,184.9,0.92,1297.8,6070.0,0.6948,1.3220954545454544,0.6019772727272726,6.964386363636364
2003-11-01,185.0,0.93,1299.1,6075.5,0.7157666666666667,1.3130444444444445,0.6284944444444444,6.720494444444444
2003-12-01,185.5,0.9,1306.2,6073.8,0.7390681818181818,1.3127545454545455,0.647140909090909,6.537431818181818
2004-01-01,186.3,0.88,1306.0,6082.1,0.771715,1.295755,0.673845,6.9398
2004-02-01,186.7,0.93,1321.4,6121.8,0.7769736842105263,1.3298947368421052,0.691621052631579,6.754236842105263
2004-03-01,187.1,0.94,1328.7,6157.9,0.7496347826086955,1.3285782608695653,0.6606521739130435,6.613995652173913
2004-04-01,187.4,0.94,1332.8,6198.9,0.7443090909090909,1.3419727272727273,0.6415409090909091,6.574745454545454
2004-05-01,188.2,1.02,1333.3,6275.7,0.703885,1.37886,0.6150800000000001,6.79956
2004-06-01,188.9,1.27,1342.7,6277.9,0.69365,1.357840909090909,0.6283590909090909,6.421631818181819
2004-07-01,189.1,1.33,1340.8,6291.1,0.716147619047619,1.3225047619047618,0.6467238095238096,6.135023809523809
2004-08-01,189.2,1.48,1354.3,6317.8,0.7110590909090909,1.3126772727272729,0.6561136363636364,6.4666772727272726
2004-09-01,189.8,1.65,1362.5,6352.2,0.7028095238095238,1.2880952380952382,0.6594142857142857,6.534933333333333
2004-10-01,190.8,1.76,1362.3,6379.8,0.733725,1.2469350000000001,0.6846,6.38146
2004-11-01,191.7,2.07,1374.2,6406.3,0.77041,1.1967700000000001,0.70091,6.030495
2004-12-01,191.7,2.19,1376.0,6424.5,0.7674826086956522,1.2188826086956523,0.714891304347826,5.723491304347826
2005-01-01,191.6,2.33,1367.1,6430.8,0.766835,1.2248350000000001,0.7064549999999999,5.958665
2005-02-01,192.4,2.54,1371.1,6438.9,0.7812210526315789,1.2400526315789473,0.7155052631578948,6.0001105263157894
2005-03-01,193.1,2.74,1370.9,6448.3,0.7847521739130434,1.2160260869565216,0.729995652173913,6.032834782608695
2005-04-01,193.7,2.78,1358.4,6461.8,0.773842857142857,1.2359,0.7209190476190477,6.146880952380952
2005-05-01,193.6,2.84,1366.0,6479.0,0.7663285714285715,1.2555285714285713,0.719057142857143,6.326714285714285
2005-06-01,193.7,2.97,1380.1,6511.7,0.7666863636363637,1.2401681818181818,0.7083409090909091,6.739586363636364
2005-07-01,194.9,3.22,1369.0,6543.5,0.75241,1.222855,0.67891,6.696575
2005-08-01,196.1,3.44,1377.8,6576.3,0.7614086956521738,1.2042826086956522,0.695608695652174,6.459860869565217
2005-09-01,198.8,3.42,1378.6,6610.1,0.7651238095238094,1.1776809523809524,0.6987333333333334,6.366142857142857
2005-10-01,199.1,3.71,1376.5,6643.9,0.753455,1.177415,0.69832,6.587784999999999
2005-11-01,198.1,3.88,1376.1,6660.7,0.73532,1.181545,0.689675,6.655415
2005-12-01,198.1,3.89,1374.3,6687.8,0.7423142857142857,1.1614809523809524,0.6946761904761904,6.348
2006-01-01,199.3,4.24,1379.5,6730.1,0.750515,1.157165,0.68716,6.076
2006-02-01,199.4,4.43,1378.4,6754.7,0.7417578947368422,1.1488947368421052,0.6735421052631579,6.115321052631579
2006-03-01,199.7,4.51,1383.2,6769.3,0.7265565217391304,1.1573086956521739,0.6342260869565217,6.243586956521739
2006-04-01,200.7,4.6,1381.4,6806.9,0.73686,1.1441050000000001,0.62198,6.0811
2006-05-01,201.3,4.72,1387.2,6813.7,0.7638818181818181,1.109990909090909,0.6310727272727272,6.312795454545454
2006-06-01,201.8,4.79,1375.4,6851.8,0.7398727272727273,1.1137272727272727,0.6189681818181818,6.973804545454545
2006-07-01,202.9,4.95,1372.4,6893.6,0.75278,1.129445,0.6177699999999999,7.068805
2006-08-01,203.8,4.96,1372.4,6925.1,0.7630956521739131,1.118213043478261,0.6348130434782608,6.950295652173913
2006-09-01,202.8,4.81,1364.4,6952.4,0.7548600000000001,1.11612,0.65508,7.4465
2006-10-01,201.9,4.92,1370.3,7001.7,0.7544285714285714,1.1285380952380952,0.6620904761904762,7.629952380952382
2006-11-01,202.0,4.94,1370.8,7037.2,0.7727666666666667,1.1358809523809523,0.6693142857142858,7.24552380952381
2006-12-01,203.1,4.85,1366.6,7080.1,0.785755,1.153235,0.693325,7.0344750000000005
2007-01-01,203.437,4.98,1371.7,7118.3,0.7825809523809524,1.1762619047619047,0.6947142857142857,7.189809523809523
2007-02-01,204.226,5.03,1363.0,7134.3,0.7829684210526316,1.1709894736842106,0.6934052631578947,7.175510526315789
2007-03-01,205.288,4.94,1366.5,7168.2,0.7931681818181818,1.1681590909090909,0.6995,7.352527272727272
2007-04-01,205.904,4.87,1378.0,7240.7,0.8273238095238095,1.1349857142857143,0.7345380952380952,7.102619047619048
2007-05-01,206.755,4.73,1380.9,7254.6,0.8254181818181817,1.0950863636363637,0.7334454545454545,7.014763636363637
2007-06-01,207.234,4.61,1368.2,7287.8,0.842347619047619,1.065104761904762,0.7570476190476191,7.151480952380952
2007-07-01,207.603,4.82,1371.8,7318.7,0.867652380952381,1.0501857142857143,0.7861523809523809,6.973014285714286
2007-08-01,207.667,4.2,1376.3,7394.8,0.8290782608695652,1.0578521739130435,0.7259173913043478,7.215347826086957
2007-09-01,208.547,3.89,1375.7,7413.0,0.8460850000000001,1.026745,0.718775,7.100745000000001
2007-10-01,209.19,3.9,1379.4,7428.1,0.8995652173913044,0.9754130434782609,0.7603,6.757434782608695
2007-11-01,210.834,3.27,1371.8,7453.6,0.8961238095238095,0.9672380952380953,0.7630714285714285,6.704852380952381
2007-12-01,211.445,3.0,1373.4,7483.9,0.871875,1.00207,0.76895,6.837625
2008-01-01,212.174,2.75,1377.7,7517.5,0.8823428571428571,1.0099428571428573,0.7739666666666667,6.9962
2008-02-01,212.687,2.12,1380.4,7604.0,0.913255,0.998555,0.796925,7.6578
2008-03-01,213.448,1.26,1388.7,7670.0,0.9221142857142857,1.0029428571428571,0.8003714285714286,7.992057142857143
2008-04-01,213.942,1.29,1391.4,7712.5,0.9309090909090909,1.0137181818181817,0.7896863636363637,7.758481818181818
2008-05-01,215.208,1.73,1393.4,7725.2,0.9492238095238095,0.9993047619047618,0.777704761904762,7.607566666666667
2008-06-01,217.463,1.86,1404.6,7743.9,0.9511190476190476,1.0166238095238096,0.7615714285714286,7.936728571428572
2008-07-01,219.016,1.63,1421.1,7791.2,0.9619727272727272,1.0129636363636363,0.7545636363636364,7.611427272727273
2008-08-01,218.69,1.72,1407.4,7805.8,0.8814761904761904,1.0534571428571429,0.7091238095238095,7.6651
2008-09-01,218.877,1.13,1462.0,7872.4,0.8168238095238096,1.0582047619047619,0.6738761904761905,8.075342857142857
2008-10-01,216.995,0.67,1473.8,7974.9,0.68695,1.1846954545454547,0.6076590909090909,9.780009090909092
2008-11-01,213.153,0.19,1514.6,8027.0,0.6590944444444444,1.2170944444444443,0.5663777777777779,10.111227777777778
2008-12-01,211.398,0.03,1601.7,8204.7,0.6719136363636363,1.2336954545454546,0.5596590909090909,9.922677272727272
2009-01-01,211.933,0.13,1582.8,8289.0,0.6754249999999999,1.22482,0.551025,9.90755
2009-02-01,212.705,0.3,1567.2,8319.3,0.6504157894736843,1.2451999999999999,0.5160157894736842,9.977331578947368
2009-03-01,212.495,0.21,1578.9,8386.4,0.6665681818181818,1.2645181818181819,0.5335727272727273,9.953554545454546
2009-04-01,212.709,0.16,1611.6,8391.1,0.7158272727272728,1.224181818181818,0.5729409090909091,8.964404545454546
2009-05-01,213.022,0.18,1617.5,8449.2,0.7647999999999999,1.1527850000000002,0.60137,8.374105
2009-06-01,214.79,0.18,1658.8,8459.3,0.8024818181818183,1.1263545454545456,0.6386409090909091,8.033231818181818
2009-07-01,214.726,0.18,1662.5,8463.5,0.8048739130434782,1.1228608695652174,0.6444304347826086,7.944582608695653
2009-08-01,215.445,0.17,1660.0,8463.0,0.8353476190476191,1.0872380952380953,0.6765857142857142,7.940633333333333
2009-09-01,215.861,0.12,1664.9,8461.6,0.8622095238095239,1.0816380952380953,0.7046428571428571,7.502528571428572
2009-10-01,216.509,0.07,1677.7,8487.9,0.9067047619047619,1.0546761904761905,0.7386095238095238,7.487109523809524
2009-11-01,217.234,0.05,1683.0,8517.0,0.9196736842105263,1.0593,0.7301421052631579,7.5096
2009-12-01,217.347,0.05,1692.8,8512.2,0.9021090909090909,1.053690909090909,0.716859090909091,7.484759090909091
2010-01-01,217.488,0.06,1674.7,8477.7,0.9127157894736841,1.0438105263157895,0.7263473684210526,7.463115789473685
2010-02-01,217.281,0.11,1699.8,8527.3,0.8857157894736843,1.0572105263157894,0.6972947368421053,7.667968421052631
2010-03-01,217.353,0.15,1711.9,8523.5,0.9122913043478261,1.0229,0.7036,7.405743478260869
2010-04-01,217.403,0.16,1699.0,8554.8,0.9261772727272728,1.005209090909091,0.7122090909090909,7.344445454545454
2010-05-01,217.29,0.16,1710.1,8609.0,0.8712949999999999,1.0402799999999999,0.698415,7.651479999999999
2010-06-01,217.199,0.12,1731.6,8628.1,0.8539181818181819,1.0376227272727272,0.6926318181818182,7.63564090909091
2010-07-01,217.605,0.16,1724.0,8639.5,0.8785571428571428,1.0422285714285715,0.7145380952380952,7.5212142857142865
2010-08-01,217.923,0.16,1748.7,8687.9,0.9003545454545455,1.0403954545454546,0.7150136363636364,7.287740909090909
2010-09-01,218.275,0.15,1766.2,8718.7,0.939847619047619,1.032957142857143,0.7288476190476191,7.109957142857143
2010-10-01,219.035,0.13,1780.4,8768.4,0.9817899999999999,1.0179,0.7520450000000001,6.908705
2010-11-01,219.59,0.14,1828.4,8789.0,0.988885,1.0129,0.772255,6.9749
2010-12-01,220.472,0.14,1837.2,8823.2,0.9929095238095238,1.0080619047619048,0.7511285714285714,6.823671428571428
2011-01-01,221.187,0.15,1850.4,8849.0,0.9961499999999999,0.9939450000000001,0.765625,6.923925
2011-02-01,221.898,0.13,1874.6,8913.3,1.0084473684210526,0.9876368421052631,0.7619894736842105,7.184415789473683
2011-03-01,223.046,0.1,1901.2,8971.5,1.011304347826087,0.9765608695652174,0.7422782608695652,6.897634782608696
2011-04-01,224.093,0.06,1901.9,9035.1,1.0588142857142857,0.957952380952381,0.7893523809523809,6.72087619047619
2011-05-01,224.806,0.04,1947.0,9107.8,1.067495238095238,0.9680428571428572,0.7959047619047619,6.855561904761905
2011-06-01,224.806,0.04,1969.0,9182.1,1.0616636363636365,0.9766454545454546,0.8156636363636364,6.785854545454546
2011-07-01,225.395,0.04,2001.8,9344.2,1.078065,0.955315,0.8479850000000001,6.787145
2011-08-01,226.106,0.02,2121.5,9531.0,1.0501521739130435,0.9817086956521739,0.8378565217391305,7.087082608695653
2011-09-01,226.597,0.01,2126.4,9551.5,1.0220142857142858,1.0025,0.8119000000000001,7.5768666666666675
2011-10-01,226.75,0.02,2135.0,9584.4,1.016775,1.0198,0.791215,7.95396
2011-11-01,227.169,0.01,2188.9,9636.5,1.011165,1.024755,0.77135,8.14927
2011-12-01,227.223,0.01,2172.5,9683.9,1.0121666666666667,1.0235238095238095,0.7698857142857143,8.193295238095239
2012-01-01,227.842,0.03,2209.1,9757.6,1.0414949999999998,1.012985,0.80149,8.002460000000001
2012-02-01,228.329,0.09,2214.9,9809.8,1.0731899999999999,0.996745,0.8348850000000001,7.638755000000001
2012-03-01,228.807,0.08,2235.7,9853.9,1.0525863636363637,0.9937727272727273,0.8201318181818181,7.607063636363637
2012-04-01,229.187,0.08,2245.4,9907.7,1.0350047619047618,0.9928238095238096,0.8179714285714285,7.832928571428572
2012-05-01,228.713,0.09,2264.9,9951.4,0.9980454545454546,1.009731818181818,0.7748090909090909,8.150563636363636
2012-06-01,228.524,0.09,2284.2,10021.6,0.9985666666666666,1.028,0.7806428571428571,8.381804761904762
2012-07-01,228.59,0.1,2324.1,10074.5,1.030047619047619,1.0142,0.7986238095238095,8.25345238095238
2012-08-01,229.918,0.1,2363.5,10145.6,1.0474652173913044,0.9923826086956522,0.8104434782608696,8.259630434782608
2012-09-01,231.015,0.11,2396.4,10226.1,1.0405947368421054,0.9783000000000001,0.8198947368421052,8.257426315789473
2012-10-01,231.638,0.1,2429.9,10292.4,1.0297636363636362,0.9871545454545455,0.8197272727272726,8.64244090909091
2012-11-01,231.249,0.09,2451.5,10361.9,1.04045,0.9969699999999999,0.81951,8.799445
2012-12-01,231.221,0.07,2470.7,10484.1,1.046535,0.9898199999999999,0.831185,8.61161
2013-01-01,231.679,0.07,2487.4,10508.1,1.0500047619047619,0.9920571428571427,0.837047619047619,8.797766666666666
2013-02-01,232.937,0.1,2480.1,10527.5,1.0309526315789475,1.0097842105263157,0.8384684210526315,8.876642105263159
2013-03-01,232.282,0.09,2487.5,10583.8,1.0345095238095237,1.0244238095238094,0.8284238095238095,9.19274761904762
2013-04-01,231.797,0.06,2516.2,10611.3,1.0380227272727274,1.0186727272727272,0.8478772727272728,9.100718181818182
2013-05-01,231.893,0.04,2535.5,10646.1,0.9918954545454546,1.0195590909090908,0.8249363636363637,9.349418181818182
2013-06-01,232.445,0.05,2533.0,10703.3,0.9439550000000001,1.0314,0.790355,10.00008
2013-07-01,232.9,0.04,2554.6,10742.8,0.9155045454545455,1.0402136363636363,0.788540909090909,9.913340909090909
2013-08-01,233.456,0.04,2563.9,10801.2,0.9036636363636364,1.0407181818181819,0.7916045454545454,10.070772727272727
2013-09-01,233.544,0.02,2598.6,10862.0,0.930305,1.034235,0.81626,9.961625
2013-10-01,233.669,0.05,2644.4,10986.3,0.9518545454545454,1.0362818181818183,0.8344772727272727,9.897931818181819
2013-11-01,234.1,0.07,2652.4,10995.6,0.9324263157894738,1.0486421052631578,0.8259315789473685,10.200947368421053
2013-12-01,234.719,0.07,2687.4,11060.1,0.8980476190476191,1.0639190476190477,0.8223904761904761,10.368319047619048
2014-01-01,235.288,0.04,2728.2,11130.8,0.8857761904761904,1.0940095238095238,0.8275285714285714,10.887238095238095
2014-02-01,235.547,0.05,2744.7,11196.8,0.8973578947368421,1.1054421052631578,0.8296526315789474,10.950578947368422
2014-03-01,236.028,0.05,2763.7,11232.6,0.9089047619047619,1.1106809523809524,0.8538904761904762,10.744523809523809
2014-04-01,236.468,0.03,2788.8,11277.7,0.9314954545454545,1.099209090909091,0.8605954545454545,10.53640909090909
2014-05-01,236.918,0.03,2800.5,11342.8,0.9304619047619047,1.0893857142857142,0.8605476190476191,10.409238095238095
2014-06-01,237.231,0.04,2832.5,11398.1,0.9365,1.0830380952380954,0.862147619047619,10.676628571428571
2014-07-01,237.498,0.03,2852.8,11453.0,0.93885,1.0739181818181818,0.8687045454545455,10.65765909090909
2014-08-01,237.46,0.03,2802.7,11477.3,0.9308952380952381,1.0926333333333333,0.8436761904761904,10.663238095238095
2014-09-01,237.477,0.02,2877.6,11519.1,0.9041761904761905,1.101052380952381,0.8133714285714285,10.990761904761905
2014-10-01,237.43,0.02,2896.9,11593.1,0.8780954545454546,1.1211545454545453,0.7876181818181819,11.059386363636364
2014-11-01,236.983,0.02,2905.1,11634.2,0.8644055555555555,1.132538888888889,0.7834222222222222,11.090055555555557
2014-12-01,236.252,0.03,2972.3,11717.6,0.8256714285714285,1.1531619047619048,0.7765666666666666,11.497523809523809
2015-01-01,234.747,0.03,2973.0,11805.2,0.8063650000000001,1.21219,0.762845,11.552674999999999
2015-02-01,235.342,0.02,3043.2,11922.8,0.7797052631578947,1.2499052631578949,0.7454315789473684,11.577342105263158
2015-03-01,235.976,0.03,3018.9,11920.5,0.7723681818181819,1.2618318181818182,0.745990909090909,12.088386363636364
2015-04-01,236.222,0.02,3020.6,11954.6,0.7739863636363636,1.233681818181818,0.759609090909091,11.9755
2015-05-01,237.001,0.02,2996.7,11982.6,0.789095,1.21764,0.7382850000000001,11.972024999999999
2015-06-01,237.657,0.02,3033.4,12023.2,0.7715090909090908,1.2364954545454545,0.6985409090909092,12.291295454545455
2015-07-01,238.034,0.03,3053.8,12067.0,0.7407318181818181,1.2863136363636363,0.6650272727272727,12.460204545454546
2015-08-01,238.033,0.07,3033.2,12112.0,0.7295142857142858,1.3147238095238096,0.6549190476190476,12.901238095238094
2015-09-01,237.498,0.02,3057.6,12173.9,0.7058619047619048,1.3265809523809524,0.6339285714285714,13.638761904761903
2015-10-01,237.733,0.02,3037.6,12225.2,0.7200238095238095,1.3072238095238096,0.6693142857142858,13.492785714285715
2015-11-01,238.017,0.12,3094.7,12317.0,0.7146052631578947,1.3278526315789474,0.6554263157894736,14.144894736842105
2015-12-01,237.761,0.23,3126.1,12387.9,0.7247136363636364,1.3712545454545455,0.6747863636363637,15.00235909090909
2016-01-01,237.652,0.26,3125.1,12518.5,0.7010578947368421,1.4208105263157895,0.6534315789473685,16.324973684210526
2016-02-01,237.336,0.31,3167.9,12603.9,0.713435,1.37969,0.6633,15.76216
2016-03-01,238.08,0.29,3193.6,12661.8,0.7504478260869566,1.3226391304347827,0.6745478260869565,15.379152173913043
2016-04-01,238.992,0.23,3237.8,12743.2,0.7664,1.2818142857142856,0.6892095238095238,14.586761904761905
2016-05-01,239.557,0.27,3259.6,12802.0,0.7318142857142858,1.2945285714285715,0.6806666666666666,15.325714285714284
2016-06-01,240.222,0.27,3269.6,12852.5,0.7401136363636364,1.2894045454545455,0.7041090909090909,15.050045454545455
2016-07-01,240.101,0.3,3263.5,12911.9,0.7529,1.3052350000000001,0.713205,14.393
2016-08-01,240.545,0.3,3326.2,12989.7,0.7628695652173912,1.299782608695652,0.7235173913043478,13.782782608695653
2016-09-01,241.176,0.29,3331.2,13054.9,0.7591095238095238,1.3107761904761905,0.7312142857142857,14.026404761904763
2016-10-01,241.741,0.33,3340.5,13122.8,0.76146,1.325095,0.715285,13.92725
2016-11-01,242.026,0.45,3361.5,13208.7,0.75316,1.3434149999999998,0.71528,13.9125
2016-12-01,242.637,0.51,3370.6,13234.9,0.7345809523809523,1.3339190476190477,0.703852380952381,13.837719047619048
2017-01-01,243.618,0.51,3423.9,13315.7,0.7464842105263158,1.3183052631578946,0.7132105263157895,13.544605263157896
2017-02-01,244.006,0.52,3436.5,13394.8,0.7664157894736842,1.3109157894736843,0.7229263157894736,13.190526315789475
2017-03-01,243.892,0.74,3496.4,13463.6,0.7622434782608696,1.3387,0.7005826086956521,12.920326086956523
2017-04-01,244.193,0.8,3493.7,13521.7,0.753355,1.343705,0.69694,13.45075
2017-05-01,244.004,0.89,3545.6,13568.9,0.7436818181818182,1.3605727272727273,0.6946045454545454,13.263977272727272
2017-06-01,244.163,0.98,3552.6,13580.5,0.7562227272727273,1.3294863636363636,0.7232590909090909,12.892386363636364
2017-07-01,244.243,1.07,3570.0,13643.1,0.780685,1.26904,0.735795,13.150375
2017-08-01,245.183,1.01,3601.8,13697.7,0.7914652173913044,1.2607695652173911,0.7302652173913043,13.214891304347827
2017-09-01,246.435,1.03,3578.9,13745.1,0.79737,1.227875,0.725905,13.169749999999999
2017-10-01,246.626,1.07,3617.1,13800.1,0.7788095238095238,1.2606904761904763,0.7040571428571428,13.6975
2017-11-01,247.284,1.23,3639.7,13843.5,0.761955,1.277335,0.68862,14.042775
2017-12-01,247.805,1.32,3637.1,13881.7,0.764815,1.27687,0.696615,13.09175
2018-01-01,248.859,1.41,3691.7,13900.3,0.795557142857143,1.242904761904762,0.7262714285714286,12.195119047619048
2018-02-01,249.529,1.57,3649.1,13949.3,0.7866526315789474,1.258821052631579,0.730478947368421,11.821578947368423
2018-03-01,249.577,1.7,3713.7,14012.7,0.7759454545454545,1.2932545454545454,0.725790909090909,11.84215909090909
2018-04-01,250.227,1.76,3705.9,14035.9,0.7683619047619048,1.2731619047619047,0.7244142857142857,12.106666666666667
2018-05-01,250.792,1.86,3689.5,14092.4,0.7525136363636363,1.2866272727272727,0.6952954545454545,12.539431818181818
2018-06-01,251.018,1.9,3681.1,14137.2,0.7497571428571429,1.312452380952381,0.6942238095238095,13.3138
2018-07-01,251.214,1.96,3701.7,14174.6,0.7403190476190475,1.3133428571428571,0.6789047619047619,13.36702380952381
2018-08-01,251.663,2.03,3709.7,14223.2,0.7324913043478262,1.3042478260869566,0.6669217391304347,14.09163043478261
2018-09-01,252.182,2.13,3710.4,14245.5,0.7206052631578947,1.3034000000000001,0.6598421052631579,14.750394736842106
2018-10-01,252.772,2.25,3736.8,14256.6,0.7111272727272727,1.300440909090909,0.6537363636363637,14.486931818181818
2018-11-01,252.594,2.33,3713.7,14282.8,0.72472,1.32048,0.677715,14.090125
2018-12-01,252.767,2.37,3780.7,14386.8,0.7169,1.343611111111111,0.6819055555555555,14.257405555555557
2019-01-01,252.561,2.37,3787.8,14459.7,0.715055,1.330045,0.678195,13.819875
2019-02-01,253.319,2.39,3785.5,14506.3,0.7136444444444444,1.3208722222222222,0.6829666666666667,13.81388888888889
2019-03-01,254.277,2.4,3782.3,14557.5,0.7081571428571428,1.3370523809523809,0.6835285714285715,14.385833333333334
2019-04-01,255.233,2.38,3827.7,14594.7,0.7111318181818181,1.3378136363636364,0.6714954545454546,14.145454545454545
2019-05-01,255.296,2.35,3824.4,14704.4,0.694540909090909,1.3459772727272727,0.656209090909091,14.422159090909092
2019-06-01,255.213,2.17,3853.8,14802.8,0.6946049999999999,1.32887,0.6601600000000001,14.584999999999999
2019-07-01,255.802,2.1,3884.2,14886.8,0.6977954545454546,1.3105227272727271,0.6679090909090909,14.03556818181818
2019-08-01,256.036,1.95,3877.5,14974.4,0.6774636363636364,1.3273136363636364,0.6434181818181819,15.156363636363636
2019-09-01,256.43,1.89,3916.9,15047.0,0.6814899999999999,1.3240500000000002,0.6345,14.826249999999998
2019-10-01,257.155,1.65,3947.4,15184.1,0.6798045454545455,1.3189227272727273,0.6337,14.905636363636363
2019-11-01,257.879,1.54,3962.6,15296.0,0.6827368421052631,1.323657894736842,0.6396947368421052,14.788210526315789
2019-12-01,258.63,1.54,4020.3,15347.5,0.6886952380952381,1.3168952380952381,0.6598952380952381,14.402428571428572
2020-01-01,259.127,1.52,4026.4,15427.1,0.685147619047619,1.3089095238095239,0.6600714285714285,14.413566666666668
2020-02-01,259.25,1.52,4024.9,15493.4,0.6664368421052632,1.3286368421052632,0.6390263157894737,15.02442105263158
2020-03-01,258.076,0.29,4322.9,16033.0,0.6217818181818182,1.3960227272727272,0.6055863636363636,16.676122727272727
2020-04-01,256.032,0.14,4856.4,17065.3,0.6312409090909091,1.4047954545454546,0.6014954545454546,18.56508181818182
2020-05-01,255.802,0.13,16312.5,17932.9,0.65169,1.3972,0.60873,18.183895
2020-06-01,257.042,0.16,16598.6,18184.3,0.6899181818181819,1.3551772727272728,0.64475,17.134245454545454
2020-07-01,258.352,0.13,16801.3,18335.4,0.7040136363636363,1.3496954545454545,0.6593045454545454,16.73909090909091
2020-08-01,259.316,0.1,16927.6,18411.2,0.7203142857142857,1.322890476190476,0.6600095238095238,17.239166666666666
2020-09-01,259.997,0.11,17166.2,18602.5,0.7223904761904761,1.3229761904761905,0.6664523809523809,16.73392857142857
2020-10-01,260.319,0.1,17368.1,18757.6,0.7121428571428572,1.3217714285714286,0.6637904761904763,16.433095238095238
2020-11-01,260.911,0.09,17638.8,18997.0,0.7270388888888889,1.307261111111111,0.6855555555555556,15.549999999999999
2020-12-01,262.045,0.09,17809.3,19115.7,0.7531666666666667,1.2809190476190477,0.7093142857142857,14.881785714285714
2021-01-01,262.687,0.08,18106.3,19379.0,0.7726000000000001,1.272461111111111,0.7200166666666666,15.137849999999998
2021-02-01,263.579,0.04,18390.5,19641.8,0.7753421052631579,1.2696473684210527,0.7244631578947368,14.779078947368422
2021-03-01,264.961,0.03,18657.4,19873.2,0.7710391304347826,1.256895652173913,0.7136,14.965108695652173
2021-04-01,266.614,0.02,18985.0,20176.9,0.7701181818181818,1.2494454545454545,0.7127,14.405259090909091
2021-05-01,268.383,0.02,19289.3,20460.4,0.7762749999999999,1.21248,0.7224700000000001,14.04425
2021-06-01,270.654,0.04,19323.8,20477.8,0.7643454545454546,1.2220409090909092,0.7106,13.913068181818181
2021-07-01,271.903,0.05,19495.5,20633.3,0.7416761904761905,1.2530428571428571,0.6980571428571428,14.536190476190475
2021-08-01,272.676,0.05,19717.2,20840.9,0.7304272727272728,1.2598954545454546,0.6978863636363637,14.762272727272727
2021-09-01,273.91,0.04,19870.4,20981.0,0.7312333333333333,1.2671095238095238,0.7053285714285714,14.591309523809525
2021-10-01,276.55,0.05,20065.6,21160.6,0.741185,1.24336,0.706405,14.842249999999998
2021-11-01,278.919,0.05,20255.4,21335.5,0.73069,1.2566950000000001,0.701915,15.53125
2021-12-01,280.845,0.06,20424.7,21498.5,0.7155285714285714,1.2800380952380952,0.6786428571428571,15.891614285714287
2022-01-01,282.543,0.15,20581.8,21650.1,0.718035,1.262235,0.67423,15.47075
2022-02-01,284.5,0.33,20678.5,21725.2,0.7168842105263158,1.2711,0.6678315789473684,15.216973684210526
2022-03-01,287.674,0.44,20749.8,21787.2,0.7373913043478261,1.2660347826086957,0.6867913043478261,14.959782608695651
2022-04-01,288.561,0.76,20746.5,21769.4,0.7364380952380952,1.2628190476190477,0.6755380952380952,15.042023809523808
2022-05-01,291.298,0.98,20700.7,21719.9,0.7041428571428571,1.2859142857142858,0.6393333333333333,15.91261904761905
2022-06-01,294.957,1.49,20602.1,21651.5,0.7025285714285714,1.2804238095238094,0.6351619047619048,15.814390476190475
2022-07-01,294.913,2.23,20544.9,21652.9,0.6856,1.293625,0.619625,16.86854
2022-08-01,295.097,2.63,20467.8,21638.4,0.6960956521739131,1.2917478260869566,0.6265913043478261,16.687204347826086
2022-09-01,296.349,3.13,20298.5,21536.7,0.6671095238095238,1.333852380952381,0.5918333333333333,17.598309523809526
2022-10-01,298.007,3.72,20130.1,21461.7,0.63703,1.368935,0.570325,18.09813
2022-11-01,298.786,4.15,19972.0,21406.7,0.659585,1.34571,0.606055,17.480365
2022-12-01,298.832,4.25,19738.2,21290.9,0.6748047619047619,1.358542857142857,0.6352809523809524,17.280047619047618
2023-01-01,300.42,4.54,19597.5,21279.9,0.695545,1.34222,0.640155,17.105515
2023-02-01,301.45,4.65,19435.5,21243.7,0.6893052631578948,1.345442105263158,0.6288105263157895,17.906668421052633
2023-03-01,301.821,4.69,18995.0,20947.4,0.667604347826087,1.3682739130434782,0.6207391304347826,18.25945652173913
2023-04-01,302.845,4.92,18647.7,20761.4,0.66884,1.3484450000000001,0.620995,18.19257
2023-05-01,303.334,5.14,18582.7,20829.6,0.6643454545454546,1.3517181818181818,0.6214181818181819,19.032222727272725
2023-06-01,304.014,5.16,18454.8,20799.4,0.6712619047619048,1.3286047619047618,0.6135428571428572,18.744823809523808
2023-07-01,304.609,5.25,18367.6,20791.4,0.67415,1.3211249999999999,0.62324,18.140375
2023-08-01,306.082,5.3,18263.0,20777.5,0.648595652173913,1.3478391304347825,0.5996086956521739,18.7742
2023-09-01,307.276,5.32,18158.3,20747.8,0.64247,1.35309,0.593105,18.965719999999997
2023-10-01,307.696,5.34,18069.5,20732.9,0.634742857142857,1.3712190476190476,0.5894142857142858,19.016657142857145
2023-11-01,308.148,5.27,18005.3,20746.4,0.650765,1.370665,0.60047,18.523615
2023-12-01,308.741,5.24,17979.2,20777.8,0.66928,1.34162,0.62229,18.632749999999998
2024-01-01,309.698,5.22,18001.0,20843.7,0.6636380952380952,1.3422714285714286,0.6167904761904762,18.805633333333333
2024-02-01,310.967,5.24,18031.2,20926.9,0.65215,1.349995,0.612255,19.01677
2024-03-01,312.345,5.24,18047.0,20973.2,0.655847619047619,1.353557142857143,0.608095238095238,18.847814285714286
2024-04-01,313.023,5.24,17997.4,20958.8,0.65065,1.3673545454545455,0.59565,18.879495454545456
2024-05-01,313.175,5.25,18029.3,21019.9,0.6625772727272727,1.366659090909091,0.60655,18.41376818181818
2024-06-01,313.044,5.24,18042.7,21067.7,0.6642421052631579,1.370536842105263,0.6139368421052631,18.4291
2024-07-01,313.569,5.2,18039.7,21094.4,0.667259090909091,1.3714272727272727,0.6030363636363636,18.245331818181818
2024-08-01,314.062,5.05,18103.2,21185.8,0.6657727272727273,1.3655,0.6087681818181818,18.034995454545456
2024-09-01,314.732,4.72,18165.2,21268.6,0.67703,1.3546200000000002,0.62236,17.594765000000002
2024-10-01,315.631,4.51,18227.3,21331.0,0.6700409090909091,1.375668181818182,0.6076272727272728,17.584759090909092
2024-11-01,316.528,4.42,18354.9,21451.6,0.6527842105263159,1.397278947368421,0.5907631578947369,17.937894736842104
2024-12-01,317.604,4.27,18392.3,21485.3,0.6333619047619047,1.424704761904762,0.5748142857142857,18.21816666666667
2025-01-01,318.961,4.21,18461.5,21547.6,0.6230857142857142,1.438861904761905,0.5633047619047619,18.713138095238097
2025-02-01,319.679,4.22,18511.3,21613.2,0.6301473684210526,1.429863157894737,0.5680421052631579,18.478442105263156
2025-03-01,319.785,4.2,18555.6,21693.5,0.6299857142857144,1.4355761904761903,0.5726666666666667,18.26363333333333
2025-04-01,320.302,4.21,18621.8,21775.5,0.6290545454545454,1.3981409090909092,0.5837045454545454,18.912363636363636
2025-05-01,320.62,4.25,18662.8,21833.8,0.6434666666666666,1.386695238095238,0.5935714285714285,18.12215714285714
2025-06-01,321.435,4.23,18746.7,21938.7,0.650895,1.36683,0.603595,17.81975
2025-07-01,322.169,4.25,18803.7,22019.9,0.6535681818181819,1.3691090909090908,0.5992409090909091,17.770154545454545
2025-08-01,323.291,4.12,18840.3,22086.8,0.6495047619047619,1.3797190476190475,0.5903333333333334,17.695709523809523
2025-09-01,324.245,3.92,18903.9,22169.8,0.6597571428571429,1.3834285714285715,0.5884190476190476,17.425195238095238
2025-10-01,,3.82,18986.0,22250.4,0.6546818181818183,1.3987681818181819,0.576490909090909,17.272163636363636
2025-11-01,325.063,3.78,19022.7,22296.5,0.6501722222222222,1.4056166666666667,0.5652055555555555,17.22966111111111
2025-12-01,326.031,3.59,19100.8,22386.9,0.6642636363636364,1.379490909090909,0.578690909090909,16.83265
2026-01-01,326.588,3.57,19201.1,22469.1,,,,
